from_date,item_descr,amount
2016-01-04,Menü 1,60
2016-01-04,Menü 2,101
2016-01-04,Menü 3,76
2016-01-05,Menü 1,52
2016-01-05,Menü 2,96
2016-01-05,Menü 3,102
2016-01-07,Menü 1,72
2016-01-07,Menü 2,48
2016-01-07,Menü 3,219
2016-01-08,Menü 1,91
2016-01-08,Menü 2,50
2016-01-08,Menü 3,145
2016-01-11,Menü 1,154
2016-01-11,Menü 2,78
2016-01-11,Menü 3,157
2016-01-12,Menü 1,149
2016-01-12,Menü 2,135
2016-01-12,Menü 3,116
2016-01-13,Menü 1,65
2016-01-13,Menü 2,93
2016-01-13,Menü 3,207
2016-01-14,Menü 1,55
2016-01-14,Menü 2,135
2016-01-14,Menü 3,122
2016-01-15,Menü 1,124
2016-01-15,Menü 2,65
2016-01-15,Menü 3,139
2016-01-18,Menü 1,81
2016-01-18,Menü 2,170
2016-01-18,Menü 3,187
2016-01-19,Menü 1,77
2016-01-19,Menü 2,175
2016-01-19,Menü 3,105
2016-01-20,Menü 1,43
2016-01-20,Menü 2,106
2016-01-20,Menü 3,263
2016-01-21,Menü 1,156
2016-01-21,Menü 2,97
2016-01-21,Menü 3,134
2016-01-22,Menü 1,107
2016-01-22,Menü 2,80
2016-01-22,Menü 3,170
2016-01-25,Menü 1,124
2016-01-25,Menü 2,94
2016-01-25,Menü 3,179
2016-01-26,Menü 1,40
2016-01-26,Menü 2,154
2016-01-26,Menü 3,161
2016-01-27,Menü 1,79
2016-01-27,Menü 2,78
2016-01-27,Menü 3,268
2016-01-28,Menü 1,31
2016-01-28,Menü 2,65
2016-01-28,Menü 3,284
2016-01-29,Menü 1,140
2016-01-29,Menü 2,91
2016-01-29,Menü 3,132
2016-02-01,Menü 1,120
2016-02-01,Menü 2,167
2016-02-01,Menü 3,187
2016-02-02,Menü 1,103
2016-02-02,Menü 2,130
2016-02-02,Menü 3,139
2016-02-03,Menü 1,84
2016-02-03,Menü 2,93
2016-02-03,Menü 3,328
2016-02-04,Menü 1,58
2016-02-04,Menü 2,162
2016-02-04,Menü 3,169
2016-02-05,Menü 1,135
2016-02-05,Menü 2,75
2016-02-05,Menü 3,160
2016-02-08,Menü 1,136
2016-02-08,Menü 2,29
2016-02-08,Menü 3,186
2016-02-09,Menü 1,68
2016-02-09,Menü 2,135
2016-02-09,Menü 3,195
2016-02-10,Menü 1,48
2016-02-10,Menü 2,126
2016-02-10,Menü 3,216
2016-02-11,Menü 1,66
2016-02-11,Menü 2,131
2016-02-11,Menü 3,159
2016-02-12,Menü 1,127
2016-02-12,Menü 2,71
2016-02-12,Menü 3,82
2016-02-15,Menü 1,132
2016-02-15,Menü 2,101
2016-02-15,Menü 3,152
2016-02-16,Menü 1,118
2016-02-16,Menü 2,104
2016-02-16,Menü 3,108
2016-02-17,Menü 1,64
2016-02-17,Menü 2,103
2016-02-17,Menü 3,164
2016-02-18,Menü 1,61
2016-02-18,Menü 2,137
2016-02-18,Menü 3,146
2016-02-19,Menü 1,157
2016-02-19,Menü 2,52
2016-02-19,Menü 3,107
2016-02-22,Menü 1,197
2016-02-22,Menü 2,81
2016-02-22,Menü 3,122
2016-02-23,Menü 1,95
2016-02-23,Menü 2,163
2016-02-23,Menü 3,103
2016-02-24,Menü 1,64
2016-02-24,Menü 2,108
2016-02-24,Menü 3,261
2016-02-25,Menü 1,81
2016-02-25,Menü 2,159
2016-02-25,Menü 3,125
2016-02-26,Menü 1,68
2016-02-26,Menü 2,137
2016-02-26,Menü 3,148
2016-02-29,Menü 1,143
2016-02-29,Menü 2,125
2016-02-29,Menü 3,100
2016-03-01,Menü 1,72
2016-03-01,Menü 2,135
2016-03-01,Menü 3,182
2016-03-02,Menü 1,75
2016-03-02,Menü 2,111
2016-03-02,Menü 3,293
2016-03-03,Menü 1,113
2016-03-03,Menü 2,81
2016-03-03,Menü 3,187
2016-03-04,Menü 1,137
2016-03-04,Menü 2,126
2016-03-04,Menü 3,93
2016-03-07,Menü 1,184
2016-03-07,Menü 2,82
2016-03-07,Menü 3,131
2016-03-08,Menü 1,50
2016-03-08,Menü 2,160
2016-03-08,Menü 3,189
2016-03-09,Menü 1,88
2016-03-09,Menü 2,61
2016-03-09,Menü 3,230
2016-03-10,Menü 1,158
2016-03-10,Menü 2,65
2016-03-10,Menü 3,154
2016-03-11,Menü 1,59
2016-03-11,Menü 2,95
2016-03-11,Menü 3,170
2016-03-14,Menü 1,68
2016-03-14,Menü 2,170
2016-03-14,Menü 3,190
2016-03-15,Menü 1,92
2016-03-15,Menü 2,190
2016-03-15,Menü 3,100
2016-03-16,Menü 1,32
2016-03-16,Menü 2,162
2016-03-16,Menü 3,237
2016-03-17,Menü 1,154
2016-03-17,Menü 2,81
2016-03-17,Menü 3,97
2016-03-18,Menü 1,83
2016-03-18,Menü 2,56
2016-03-18,Menü 3,150
2016-03-21,Menü 1,130
2016-03-21,Menü 2,51
2016-03-21,Menü 3,165
2016-03-22,Menü 1,84
2016-03-22,Menü 2,172
2016-03-22,Menü 3,128
2016-03-23,Menü 1,86
2016-03-23,Menü 2,63
2016-03-23,Menü 3,223
2016-03-24,Menü 1,87
2016-03-24,Menü 2,93
2016-03-24,Menü 3,176
2016-03-29,Menü 1,57
2016-03-29,Menü 2,132
2016-03-29,Menü 3,169
2016-03-30,Menü 1,63
2016-03-30,Menü 2,86
2016-03-30,Menü 3,228
2016-03-31,Menü 1,79
2016-03-31,Menü 2,136
2016-03-31,Menü 3,112
2016-04-01,Menü 1,92
2016-04-01,Menü 2,45
2016-04-01,Menü 3,132
2016-04-04,Menü 1,68
2016-04-04,Menü 2,151
2016-04-04,Menü 3,177
2016-04-05,Menü 1,126
2016-04-05,Menü 2,117
2016-04-05,Menü 3,145
2016-04-06,Menü 1,89
2016-04-06,Menü 2,68
2016-04-06,Menü 3,259
2016-04-07,Menü 1,95
2016-04-07,Menü 2,71
2016-04-07,Menü 3,213
2016-04-08,Menü 1,35
2016-04-08,Menü 2,159
2016-04-08,Menü 3,145
2016-04-11,Menü 1,80
2016-04-11,Menü 2,162
2016-04-11,Menü 3,130
2016-04-12,Menü 1,114
2016-04-12,Menü 2,145
2016-04-12,Menü 3,88
2016-04-13,Menü 1,67
2016-04-13,Menü 2,129
2016-04-13,Menü 3,218
2016-04-14,Menü 1,132
2016-04-14,Menü 2,80
2016-04-14,Menü 3,167
2016-04-15,Menü 1,132
2016-04-15,Menü 2,61
2016-04-15,Menü 3,94
2016-04-18,Menü 1,106
2016-04-18,Menü 2,69
2016-04-18,Menü 3,180
2016-04-19,Menü 1,79
2016-04-19,Menü 2,151
2016-04-19,Menü 3,129
2016-04-20,Menü 1,79
2016-04-20,Menü 2,46
2016-04-20,Menü 3,252
2016-04-21,Menü 1,67
2016-04-21,Menü 2,166
2016-04-21,Menü 3,140
2016-04-22,Menü 1,32
2016-04-22,Menü 2,73
2016-04-22,Menü 3,140
2016-04-25,Menü 1,53
2016-04-25,Menü 2,105
2016-04-25,Menü 3,216
2016-04-26,Menü 1,76
2016-04-26,Menü 2,135
2016-04-26,Menü 3,182
2016-04-27,Menü 1,158
2016-04-27,Menü 2,109
2016-04-27,Menü 3,158
2016-04-28,Menü 1,65
2016-04-28,Menü 2,70
2016-04-28,Menü 3,335
2016-04-29,Menü 1,150
2016-04-29,Menü 2,129
2016-04-29,Menü 3,103
2016-05-02,Menü 1,180
2016-05-02,Menü 2,49
2016-05-02,Menü 3,104
2016-05-03,Menü 1,144
2016-05-03,Menü 2,180
2016-05-03,Menü 3,104
2016-05-04,Menü 1,31
2016-05-04,Menü 2,119
2016-05-04,Menü 3,241
2016-05-09,Menü 1,48
2016-05-09,Menü 2,155
2016-05-09,Menü 3,148
2016-05-10,Menü 1,116
2016-05-10,Menü 2,139
2016-05-10,Menü 3,106
2016-05-11,Menü 1,97
2016-05-11,Menü 2,126
2016-05-11,Menü 3,196
2016-05-12,Menü 1,68
2016-05-12,Menü 2,97
2016-05-12,Menü 3,159
2016-05-13,Menü 1,96
2016-05-13,Menü 2,162
2016-05-13,Menü 3,147
2016-05-17,Menü 1,44
2016-05-17,Menü 2,148
2016-05-17,Menü 3,149
2016-05-18,Menü 1,72
2016-05-18,Menü 2,49
2016-05-18,Menü 3,252
2016-05-19,Menü 1,32
2016-05-19,Menü 2,97
2016-05-19,Menü 3,270
2016-05-20,Menü 1,78
2016-05-20,Menü 2,125
2016-05-20,Menü 3,100
2016-05-23,Menü 1,74
2016-05-23,Menü 2,133
2016-05-23,Menü 3,121
2016-05-24,Menü 1,53
2016-05-24,Menü 2,129
2016-05-24,Menü 3,215
2016-05-25,Menü 1,28
2016-05-25,Menü 2,72
2016-05-25,Menü 3,237
2016-05-30,Menü 1,100
2016-05-30,Menü 2,116
2016-05-30,Menü 3,147
2016-05-31,Menü 1,68
2016-05-31,Menü 2,119
2016-05-31,Menü 3,174
2016-06-01,Menü 1,92
2016-06-01,Menü 2,47
2016-06-01,Menü 3,265
2016-06-02,Menü 1,63
2016-06-02,Menü 2,134
2016-06-02,Menü 3,168
2016-06-03,Menü 1,35
2016-06-03,Menü 2,162
2016-06-03,Menü 3,114
2016-06-06,Menü 1,54
2016-06-06,Menü 2,113
2016-06-06,Menü 3,108
2016-06-07,Menü 1,127
2016-06-07,Menü 2,121
2016-06-07,Menü 3,152
2016-06-08,Menü 1,45
2016-06-08,Menü 2,96
2016-06-08,Menü 3,273
2016-06-09,Menü 1,80
2016-06-09,Menü 2,147
2016-06-09,Menü 3,81
2016-06-10,Menü 1,38
2016-06-10,Menü 2,75
2016-06-10,Menü 3,175
2016-06-13,Menü 1,100
2016-06-13,Menü 2,125
2016-06-13,Menü 3,141
2016-06-14,Menü 1,83
2016-06-14,Menü 2,124
2016-06-14,Menü 3,139
2016-06-15,Menü 1,68
2016-06-15,Menü 2,134
2016-06-15,Menü 3,232
2016-06-16,Menü 1,62
2016-06-16,Menü 2,95
2016-06-16,Menü 3,242
2016-06-17,Menü 1,83
2016-06-17,Menü 2,56
2016-06-17,Menü 3,151
2016-06-20,Menü 1,83
2016-06-20,Menü 2,137
2016-06-20,Menü 3,115
2016-06-21,Menü 1,87
2016-06-21,Menü 2,84
2016-06-21,Menü 3,162
2016-06-22,Menü 1,85
2016-06-22,Menü 2,175
2016-06-22,Menü 3,131
2016-06-23,Menü 1,59
2016-06-23,Menü 2,73
2016-06-23,Menü 3,161
2016-06-24,Menü 1,72
2016-06-24,Menü 2,135
2016-06-24,Menü 3,105
2016-06-27,Menü 1,68
2016-06-27,Menü 2,130
2016-06-27,Menü 3,131
2016-06-28,Menü 1,54
2016-06-28,Menü 2,134
2016-06-28,Menü 3,197
2016-06-29,Menü 1,38
2016-06-29,Menü 2,76
2016-06-29,Menü 3,287
2016-06-30,Menü 1,86
2016-06-30,Menü 2,152
2016-06-30,Menü 3,90
2016-07-01,Menü 1,116
2016-07-01,Menü 2,68
2016-07-01,Menü 3,107
2016-07-04,Menü 1,110
2016-07-04,Menü 2,137
2016-07-04,Menü 3,99
2016-07-05,Menü 1,50
2016-07-05,Menü 2,149
2016-07-05,Menü 3,170
2016-07-06,Menü 1,141
2016-07-06,Menü 2,86
2016-07-06,Menü 3,176
2016-07-07,Menü 1,59
2016-07-07,Menü 2,145
2016-07-07,Menü 3,174
2016-07-08,Menü 1,102
2016-07-08,Menü 2,53
2016-07-08,Menü 3,162
2016-07-11,Menü 1,79
2016-07-11,Menü 2,77
2016-07-11,Menü 3,121
2016-07-12,Menü 1,43
2016-07-12,Menü 2,146
2016-07-12,Menü 3,139
2016-07-13,Menü 1,86
2016-07-13,Menü 2,113
2016-07-13,Menü 3,219
2016-07-14,Menü 1,45
2016-07-14,Menü 2,142
2016-07-14,Menü 3,176
2016-07-15,Menü 1,93
2016-07-15,Menü 2,129
2016-07-15,Menü 3,126
2016-07-18,Menü 1,72
2016-07-18,Menü 2,177
2016-07-18,Menü 3,82
2016-07-19,Menü 1,68
2016-07-19,Menü 2,109
2016-07-19,Menü 3,158
2016-07-20,Menü 1,59
2016-07-20,Menü 2,107
2016-07-20,Menü 3,215
2016-07-21,Menü 1,63
2016-07-21,Menü 2,129
2016-07-21,Menü 3,169
2016-07-22,Menü 1,100
2016-07-22,Menü 2,68
2016-07-22,Menü 3,137
2016-07-25,Menü 1,76
2016-07-25,Menü 2,77
2016-07-25,Menü 3,142
2016-07-26,Menü 1,91
2016-07-26,Menü 2,128
2016-07-26,Menü 3,152
2016-07-27,Menü 1,81
2016-07-27,Menü 2,113
2016-07-27,Menü 3,229
2016-07-28,Menü 1,113
2016-07-28,Menü 2,44
2016-07-28,Menü 3,229
2016-07-29,Menü 1,84
2016-07-29,Menü 2,120
2016-07-29,Menü 3,132
2016-08-01,Menü 1,106
2016-08-01,Menü 2,103
2016-08-01,Menü 3,192
2016-08-02,Menü 1,75
2016-08-02,Menü 2,171
2016-08-02,Menü 3,222
2016-08-03,Menü 1,33
2016-08-03,Menü 2,103
2016-08-03,Menü 3,250
2016-08-04,Menü 1,131
2016-08-04,Menü 2,150
2016-08-04,Menü 3,98
2016-08-05,Menü 1,113
2016-08-05,Menü 2,97
2016-08-05,Menü 3,106
2016-08-08,Menü 1,64
2016-08-08,Menü 2,140
2016-08-08,Menü 3,144
2016-08-09,Menü 1,135
2016-08-09,Menü 2,112
2016-08-09,Menü 3,184
2016-08-10,Menü 1,126
2016-08-10,Menü 2,55
2016-08-10,Menü 3,218
2016-08-11,Menü 1,68
2016-08-11,Menü 2,130
2016-08-11,Menü 3,237
2016-08-12,Menü 1,72
2016-08-12,Menü 2,119
2016-08-12,Menü 3,184
2016-08-15,Menü 1,127
2016-08-15,Menü 2,158
2016-08-15,Menü 3,85
2016-08-16,Menü 1,93
2016-08-16,Menü 2,126
2016-08-16,Menü 3,180
2016-08-17,Menü 1,97
2016-08-17,Menü 2,118
2016-08-17,Menü 3,161
2016-08-18,Menü 1,76
2016-08-18,Menü 2,110
2016-08-18,Menü 3,184
2016-08-19,Menü 1,111
2016-08-19,Menü 2,37
2016-08-19,Menü 3,134
2016-08-22,Menü 1,128
2016-08-22,Menü 2,146
2016-08-22,Menü 3,102
2016-08-23,Menü 1,92
2016-08-23,Menü 2,140
2016-08-23,Menü 3,137
2016-08-24,Menü 1,36
2016-08-24,Menü 2,96
2016-08-24,Menü 3,234
2016-08-25,Menü 1,53
2016-08-25,Menü 2,93
2016-08-25,Menü 3,220
2016-08-26,Menü 1,103
2016-08-26,Menü 2,61
2016-08-26,Menü 3,52
2016-08-29,Menü 1,71
2016-08-29,Menü 2,117
2016-08-29,Menü 3,133
2016-08-30,Menü 1,65
2016-08-30,Menü 2,141
2016-08-30,Menü 3,106
2016-08-31,Menü 1,66
2016-08-31,Menü 2,113
2016-08-31,Menü 3,206
2016-09-01,Menü 1,103
2016-09-01,Menü 2,134
2016-09-01,Menü 3,72
2016-09-02,Menü 1,75
2016-09-02,Menü 2,66
2016-09-02,Menü 3,139
2016-09-05,Menü 1,94
2016-09-05,Menü 2,111
2016-09-05,Menü 3,114
2016-09-06,Menü 1,45
2016-09-06,Menü 2,142
2016-09-06,Menü 3,167
2016-09-07,Menü 1,75
2016-09-07,Menü 2,110
2016-09-07,Menü 3,212
2016-09-08,Menü 1,102
2016-09-08,Menü 2,65
2016-09-08,Menü 3,233
2016-09-09,Menü 1,95
2016-09-09,Menü 2,57
2016-09-09,Menü 3,137
2016-09-12,Menü 1,79
2016-09-12,Menü 2,194
2016-09-12,Menü 3,120
2016-09-13,Menü 1,113
2016-09-13,Menü 2,96
2016-09-13,Menü 3,148
2016-09-14,Menü 1,76
2016-09-14,Menü 2,84
2016-09-14,Menü 3,246
2016-09-15,Menü 1,95
2016-09-15,Menü 2,138
2016-09-15,Menü 3,157
2016-09-16,Menü 1,53
2016-09-16,Menü 2,53
2016-09-16,Menü 3,196
2016-09-19,Menü 1,92
2016-09-19,Menü 2,161
2016-09-19,Menü 3,102
2016-09-20,Menü 1,64
2016-09-20,Menü 2,109
2016-09-20,Menü 3,179
2016-09-21,Menü 1,47
2016-09-21,Menü 2,117
2016-09-21,Menü 3,220
2016-09-22,Menü 1,73
2016-09-22,Menü 2,167
2016-09-22,Menü 3,91
2016-09-23,Menü 1,100
2016-09-23,Menü 2,132
2016-09-23,Menü 3,97
2016-09-26,Menü 1,48
2016-09-26,Menü 2,157
2016-09-26,Menü 3,171
2016-09-27,Menü 1,70
2016-09-27,Menü 2,123
2016-09-27,Menü 3,176
2016-09-28,Menü 1,60
2016-09-28,Menü 2,84
2016-09-28,Menü 3,282
2016-09-29,Menü 1,113
2016-09-29,Menü 2,73
2016-09-29,Menü 3,155
2016-09-30,Menü 1,64
2016-09-30,Menü 2,69
2016-09-30,Menü 3,177
2016-10-04,Menü 1,134
2016-10-04,Menü 2,121
2016-10-04,Menü 3,168
2016-10-05,Menü 1,99
2016-10-05,Menü 2,114
2016-10-05,Menü 3,246
2016-10-06,Menü 1,50
2016-10-06,Menü 2,132
2016-10-06,Menü 3,218
2016-10-07,Menü 1,93
2016-10-07,Menü 2,153
2016-10-07,Menü 3,60
2016-10-10,Menü 1,103
2016-10-10,Menü 2,188
2016-10-10,Menü 3,147
2016-10-11,Menü 1,57
2016-10-11,Menü 2,159
2016-10-11,Menü 3,115
2016-10-12,Menü 1,55
2016-10-12,Menü 2,208
2016-10-12,Menü 3,167
2016-10-13,Menü 1,114
2016-10-13,Menü 2,159
2016-10-13,Menü 3,207
2016-10-14,Menü 1,61
2016-10-14,Menü 2,111
2016-10-14,Menü 3,174
2016-10-17,Menü 1,124
2016-10-17,Menü 2,202
2016-10-17,Menü 3,134
2016-10-18,Menü 1,62
2016-10-18,Menü 2,161
2016-10-18,Menü 3,158
2016-10-19,Menü 1,127
2016-10-19,Menü 2,80
2016-10-19,Menü 3,250
2016-10-20,Menü 1,54
2016-10-20,Menü 2,108
2016-10-20,Menü 3,159
2016-10-21,Menü 1,124
2016-10-21,Menü 2,126
2016-10-21,Menü 3,112
2016-10-24,Menü 1,223
2016-10-24,Menü 2,82
2016-10-24,Menü 3,189
2016-10-25,Menü 1,46
2016-10-25,Menü 2,199
2016-10-25,Menü 3,175
2016-10-26,Menü 1,59
2016-10-26,Menü 2,131
2016-10-26,Menü 3,272
2016-10-27,Menü 1,128
2016-10-27,Menü 2,146
2016-10-27,Menü 3,131
2016-10-28,Menü 1,76
2016-10-28,Menü 2,78
2016-10-28,Menü 3,152
2016-11-02,Menü 1,47
2016-11-02,Menü 2,121
2016-11-02,Menü 3,215
2016-11-03,Menü 1,98
2016-11-03,Menü 2,109
2016-11-03,Menü 3,201
2016-11-04,Menü 1,83
2016-11-04,Menü 2,71
2016-11-04,Menü 3,176
2016-11-07,Menü 1,139
2016-11-07,Menü 2,129
2016-11-07,Menü 3,178
2016-11-08,Menü 1,47
2016-11-08,Menü 2,125
2016-11-08,Menü 3,230
2016-11-09,Menü 1,139
2016-11-09,Menü 2,50
2016-11-09,Menü 3,233
2016-11-10,Menü 1,77
2016-11-10,Menü 2,117
2016-11-10,Menü 3,295
2016-11-11,Menü 1,140
2016-11-11,Menü 2,137
2016-11-11,Menü 3,118
2016-11-14,Menü 1,124
2016-11-14,Menü 2,197
2016-11-14,Menü 3,101
2016-11-15,Menü 1,126
2016-11-15,Menü 2,133
2016-11-15,Menü 3,182
2016-11-16,Menü 1,128
2016-11-16,Menü 2,59
2016-11-16,Menü 3,280
2016-11-17,Menü 1,95
2016-11-17,Menü 2,109
2016-11-17,Menü 3,208
2016-11-18,Menü 1,88
2016-11-18,Menü 2,102
2016-11-18,Menü 3,175
2016-11-21,Menü 1,54
2016-11-21,Menü 2,162
2016-11-21,Menü 3,211
2016-11-22,Menü 1,156
2016-11-22,Menü 2,132
2016-11-22,Menü 3,148
2016-11-23,Menü 1,80
2016-11-23,Menü 2,127
2016-11-23,Menü 3,233
2016-11-24,Menü 1,91
2016-11-24,Menü 2,193
2016-11-24,Menü 3,75
2016-11-25,Menü 1,124
2016-11-25,Menü 2,84
2016-11-25,Menü 3,156
2016-11-28,Menü 1,72
2016-11-28,Menü 2,231
2016-11-28,Menü 3,90
2016-11-29,Menü 1,76
2016-11-29,Menü 2,145
2016-11-29,Menü 3,212
2016-11-30,Menü 1,66
2016-11-30,Menü 2,147
2016-11-30,Menü 3,253
2016-12-01,Menü 1,127
2016-12-01,Menü 2,138
2016-12-01,Menü 3,119
2016-12-02,Menü 1,75
2016-12-02,Menü 2,123
2016-12-02,Menü 3,165
2016-12-05,Menü 1,115
2016-12-05,Menü 2,177
2016-12-05,Menü 3,174
2016-12-06,Menü 1,125
2016-12-06,Menü 2,50
2016-12-06,Menü 3,349
2016-12-07,Menü 1,59
2016-12-07,Menü 2,87
2016-12-07,Menü 3,273
2016-12-08,Menü 1,107
2016-12-08,Menü 2,135
2016-12-08,Menü 3,189
2016-12-09,Menü 1,107
2016-12-09,Menü 2,153
2016-12-09,Menü 3,165
2016-12-12,Menü 1,138
2016-12-12,Menü 2,157
2016-12-12,Menü 3,144
2016-12-13,Menü 1,115
2016-12-13,Menü 2,118
2016-12-13,Menü 3,179
2016-12-14,Menü 1,76
2016-12-14,Menü 2,110
2016-12-14,Menü 3,273
2016-12-15,Menü 1,72
2016-12-15,Menü 2,48
2016-12-15,Menü 3,312
2016-12-16,Menü 1,59
2016-12-16,Menü 2,61
2016-12-16,Menü 3,134
2016-12-19,Menü 1,42
2016-12-19,Menü 2,151
2016-12-19,Menü 3,194
2016-12-20,Menü 1,108
2016-12-20,Menü 2,145
2016-12-20,Menü 3,156
2016-12-21,Menü 1,49
2016-12-21,Menü 2,97
2016-12-21,Menü 3,218
2016-12-22,Menü 1,35
2016-12-22,Menü 2,115
2016-12-22,Menü 3,193
2016-12-23,Menü 1,60
2016-12-23,Menü 2,37
2016-12-23,Menü 3,78
2017-01-02,Menü 1,43
2017-01-02,Menü 2,85
2017-01-02,Menü 3,114
2017-01-03,Menü 1,29
2017-01-03,Menü 2,99
2017-01-03,Menü 3,148
2017-01-04,Menü 1,80
2017-01-04,Menü 2,52
2017-01-04,Menü 3,148
2017-01-05,Menü 1,76
2017-01-05,Menü 2,43
2017-01-05,Menü 3,131
2017-01-09,Menü 1,107
2017-01-09,Menü 2,104
2017-01-09,Menü 3,148
2017-01-10,Menü 1,113
2017-01-10,Menü 2,145
2017-01-10,Menü 3,189
2017-01-11,Menü 1,78
2017-01-11,Menü 2,112
2017-01-11,Menü 3,283
2017-01-12,Menü 1,149
2017-01-12,Menü 2,172
2017-01-12,Menü 3,120
2017-01-13,Menü 1,148
2017-01-13,Menü 2,152
2017-01-13,Menü 3,122
2017-01-16,Menü 1,133
2017-01-16,Menü 2,192
2017-01-16,Menü 3,102
2017-01-17,Menü 1,91
2017-01-17,Menü 2,144
2017-01-17,Menü 3,188
2017-01-18,Menü 1,77
2017-01-18,Menü 2,129
2017-01-18,Menü 3,260
2017-01-19,Menü 1,84
2017-01-19,Menü 2,46
2017-01-19,Menü 3,338
2017-01-20,Menü 1,108
2017-01-20,Menü 2,149
2017-01-20,Menü 3,117
2017-01-23,Menü 1,68
2017-01-23,Menü 2,228
2017-01-23,Menü 3,104
2017-01-24,Menü 1,39
2017-01-24,Menü 2,145
2017-01-24,Menü 3,222
2017-01-25,Menü 1,122
2017-01-25,Menü 2,58
2017-01-25,Menü 3,259
2017-01-26,Menü 1,103
2017-01-26,Menü 2,94
2017-01-26,Menü 3,165
2017-01-27,Menü 1,122
2017-01-27,Menü 2,86
2017-01-27,Menü 3,176
2017-01-30,Menü 1,27
2017-01-30,Menü 2,144
2017-01-30,Menü 3,195
2017-01-31,Menü 1,63
2017-01-31,Menü 2,111
2017-01-31,Menü 3,166
2017-02-01,Menü 1,58
2017-02-01,Menü 2,103
2017-02-01,Menü 3,269
2017-02-02,Menü 1,75
2017-02-02,Menü 2,168
2017-02-02,Menü 3,156
2017-02-03,Menü 1,110
2017-02-03,Menü 2,63
2017-02-03,Menü 3,204
2017-02-06,Menü 1,111
2017-02-06,Menü 2,117
2017-02-06,Menü 3,148
2017-02-07,Menü 1,39
2017-02-07,Menü 2,143
2017-02-07,Menü 3,222
2017-02-08,Menü 1,105
2017-02-08,Menü 2,76
2017-02-08,Menü 3,309
2017-02-09,Menü 1,91
2017-02-09,Menü 2,114
2017-02-09,Menü 3,128
2017-02-10,Menü 1,144
2017-02-10,Menü 2,88
2017-02-10,Menü 3,126
2017-02-13,Menü 1,86
2017-02-13,Menü 2,151
2017-02-13,Menü 3,172
2017-02-14,Menü 1,50
2017-02-14,Menü 2,140
2017-02-14,Menü 3,160
2017-02-15,Menü 1,89
2017-02-15,Menü 2,109
2017-02-15,Menü 3,199
2017-02-16,Menü 1,62
2017-02-16,Menü 2,106
2017-02-16,Menü 3,237
2017-02-17,Menü 1,122
2017-02-17,Menü 2,70
2017-02-17,Menü 3,128
2017-02-20,Menü 1,65
2017-02-20,Menü 2,182
2017-02-20,Menü 3,144
2017-02-21,Menü 1,40
2017-02-21,Menü 2,133
2017-02-21,Menü 3,181
2017-02-22,Menü 1,85
2017-02-22,Menü 2,87
2017-02-22,Menü 3,232
2017-02-23,Menü 1,51
2017-02-23,Menü 2,114
2017-02-23,Menü 3,226
2017-02-24,Menü 1,73
2017-02-24,Menü 2,96
2017-02-24,Menü 3,158
2017-02-27,Menü 1,46
2017-02-27,Menü 2,51
2017-02-27,Menü 3,234
2017-02-28,Menü 1,55
2017-02-28,Menü 2,111
2017-02-28,Menü 3,137
2017-03-01,Menü 1,72
2017-03-01,Menü 2,119
2017-03-01,Menü 3,222
2017-03-02,Menü 1,148
2017-03-02,Menü 2,85
2017-03-02,Menü 3,154
2017-03-03,Menü 1,85
2017-03-03,Menü 2,111
2017-03-03,Menü 3,156
2017-03-06,Menü 1,105
2017-03-06,Menü 2,75
2017-03-06,Menü 3,202
2017-03-07,Menü 1,89
2017-03-07,Menü 2,133
2017-03-07,Menü 3,146
2017-03-08,Menü 1,115
2017-03-08,Menü 2,127
2017-03-08,Menü 3,206
2017-03-09,Menü 1,57
2017-03-09,Menü 2,214
2017-03-09,Menü 3,141
2017-03-10,Menü 1,92
2017-03-10,Menü 2,167
2017-03-10,Menü 3,129
2017-03-13,Menü 1,98
2017-03-13,Menü 2,104
2017-03-13,Menü 3,176
2017-03-14,Menü 1,103
2017-03-14,Menü 2,124
2017-03-14,Menü 3,147
2017-03-15,Menü 1,90
2017-03-15,Menü 2,153
2017-03-15,Menü 3,235
2017-03-16,Menü 1,48
2017-03-16,Menü 2,105
2017-03-16,Menü 3,253
2017-03-17,Menü 1,76
2017-03-17,Menü 2,104
2017-03-17,Menü 3,156
2017-03-20,Menü 1,94
2017-03-20,Menü 2,158
2017-03-20,Menü 3,124
2017-03-21,Menü 1,54
2017-03-21,Menü 2,155
2017-03-21,Menü 3,176
2017-03-22,Menü 1,98
2017-03-22,Menü 2,105
2017-03-22,Menü 3,249
2017-03-23,Menü 1,55
2017-03-23,Menü 2,102
2017-03-23,Menü 3,180
2017-03-24,Menü 1,153
2017-03-24,Menü 2,125
2017-03-24,Menü 3,59
2017-03-27,Menü 1,20
2017-03-27,Menü 2,123
2017-03-27,Menü 3,219
2017-03-28,Menü 1,159
2017-03-28,Menü 2,86
2017-03-28,Menü 3,146
2017-03-29,Menü 1,101
2017-03-29,Menü 2,98
2017-03-29,Menü 3,260
2017-03-30,Menü 1,51
2017-03-30,Menü 2,150
2017-03-30,Menü 3,105
2017-03-31,Menü 1,108
2017-03-31,Menü 2,79
2017-03-31,Menü 3,127
2017-04-03,Menü 1,102
2017-04-03,Menü 2,111
2017-04-03,Menü 3,129
2017-04-04,Menü 1,146
2017-04-04,Menü 2,91
2017-04-04,Menü 3,211
2017-04-05,Menü 1,72
2017-04-05,Menü 2,106
2017-04-05,Menü 3,221
2017-04-06,Menü 1,56
2017-04-06,Menü 2,184
2017-04-06,Menü 3,137
2017-04-07,Menü 1,122
2017-04-07,Menü 2,86
2017-04-07,Menü 3,93
2017-04-10,Menü 1,88
2017-04-10,Menü 2,68
2017-04-10,Menü 3,152
2017-04-11,Menü 1,72
2017-04-11,Menü 2,149
2017-04-11,Menü 3,172
2017-04-12,Menü 1,97
2017-04-12,Menü 2,100
2017-04-12,Menü 3,202
2017-04-13,Menü 1,112
2017-04-13,Menü 2,101
2017-04-13,Menü 3,155
2017-04-18,Menü 1,101
2017-04-18,Menü 2,100
2017-04-18,Menü 3,115
2017-04-19,Menü 1,89
2017-04-19,Menü 2,98
2017-04-19,Menü 3,230
2017-04-20,Menü 1,49
2017-04-20,Menü 2,65
2017-04-20,Menü 3,274
2017-04-21,Menü 1,99
2017-04-21,Menü 2,80
2017-04-21,Menü 3,146
2017-04-24,Menü 1,112
2017-04-24,Menü 2,123
2017-04-24,Menü 3,134
2017-04-25,Menü 1,66
2017-04-25,Menü 2,139
2017-04-25,Menü 3,169
2017-04-26,Menü 1,64
2017-04-26,Menü 2,260
2017-04-26,Menü 3,149
2017-04-27,Menü 1,42
2017-04-27,Menü 2,206
2017-04-27,Menü 3,170
2017-04-28,Menü 1,132
2017-04-28,Menü 2,102
2017-04-28,Menü 3,189
2017-05-02,Menü 1,78
2017-05-02,Menü 2,151
2017-05-02,Menü 3,160
2017-05-03,Menü 1,111
2017-05-03,Menü 2,193
2017-05-03,Menü 3,126
2017-05-04,Menü 1,98
2017-05-04,Menü 2,107
2017-05-04,Menü 3,164
2017-05-05,Menü 1,105
2017-05-05,Menü 2,155
2017-05-05,Menü 3,145
2017-05-08,Menü 1,52
2017-05-08,Menü 2,186
2017-05-08,Menü 3,133
2017-05-09,Menü 1,66
2017-05-09,Menü 2,136
2017-05-09,Menü 3,219
2017-05-10,Menü 1,75
2017-05-10,Menü 2,101
2017-05-10,Menü 3,281
2017-05-11,Menü 1,64
2017-05-11,Menü 2,126
2017-05-11,Menü 3,171
2017-05-12,Menü 1,106
2017-05-12,Menü 2,70
2017-05-12,Menü 3,132
2017-05-15,Menü 1,87
2017-05-15,Menü 2,75
2017-05-15,Menü 3,178
2017-05-16,Menü 1,136
2017-05-16,Menü 2,102
2017-05-16,Menü 3,131
2017-05-17,Menü 1,72
2017-05-17,Menü 2,86
2017-05-17,Menü 3,233
2017-05-18,Menü 1,77
2017-05-18,Menü 2,88
2017-05-18,Menü 3,171
2017-05-19,Menü 1,135
2017-05-19,Menü 2,64
2017-05-19,Menü 3,93
2017-05-22,Menü 1,105
2017-05-22,Menü 2,113
2017-05-22,Menü 3,171
2017-05-23,Menü 1,63
2017-05-23,Menü 2,116
2017-05-23,Menü 3,188
2017-05-24,Menü 1,125
2017-05-24,Menü 2,120
2017-05-24,Menü 3,226
2017-05-29,Menü 1,65
2017-05-29,Menü 2,95
2017-05-29,Menü 3,139
2017-05-30,Menü 1,75
2017-05-30,Menü 2,108
2017-05-30,Menü 3,170
2017-05-31,Menü 1,109
2017-05-31,Menü 2,82
2017-05-31,Menü 3,280
2017-06-01,Menü 1,48
2017-06-01,Menü 2,145
2017-06-01,Menü 3,170
2017-06-02,Menü 1,111
2017-06-02,Menü 2,60
2017-06-02,Menü 3,106
2017-06-06,Menü 1,40
2017-06-06,Menü 2,119
2017-06-06,Menü 3,179
2017-06-07,Menü 1,105
2017-06-07,Menü 2,84
2017-06-07,Menü 3,174
2017-06-08,Menü 1,43
2017-06-08,Menü 2,140
2017-06-08,Menü 3,146
2017-06-09,Menü 1,103
2017-06-09,Menü 2,58
2017-06-09,Menü 3,127
2017-06-12,Menü 1,50
2017-06-12,Menü 2,158
2017-06-12,Menü 3,104
2017-06-13,Menü 1,46
2017-06-13,Menü 2,125
2017-06-13,Menü 3,185
2017-06-14,Menü 1,54
2017-06-14,Menü 2,68
2017-06-14,Menü 3,210
2017-06-19,Menü 1,152
2017-06-19,Menü 2,59
2017-06-19,Menü 3,135
2017-06-20,Menü 1,67
2017-06-20,Menü 2,124
2017-06-20,Menü 3,114
2017-06-21,Menü 1,100
2017-06-21,Menü 2,106
2017-06-21,Menü 3,164
2017-06-22,Menü 1,117
2017-06-22,Menü 2,75
2017-06-22,Menü 3,191
2017-06-23,Menü 1,125
2017-06-23,Menü 2,84
2017-06-23,Menü 3,115
2017-06-26,Menü 1,129
2017-06-26,Menü 2,143
2017-06-26,Menü 3,176
2017-06-27,Menü 1,67
2017-06-27,Menü 2,141
2017-06-27,Menü 3,174
2017-06-28,Menü 1,135
2017-06-28,Menü 2,87
2017-06-28,Menü 3,240
2017-06-29,Menü 1,52
2017-06-29,Menü 2,196
2017-06-29,Menü 3,127
2017-06-30,Menü 1,69
2017-06-30,Menü 2,65
2017-06-30,Menü 3,201
2017-07-03,Menü 1,68
2017-07-03,Menü 2,130
2017-07-03,Menü 3,159
2017-07-04,Menü 1,64
2017-07-04,Menü 2,121
2017-07-04,Menü 3,204
2017-07-05,Menü 1,109
2017-07-05,Menü 2,93
2017-07-05,Menü 3,246
2017-07-06,Menü 1,78
2017-07-06,Menü 2,131
2017-07-06,Menü 3,197
2017-07-07,Menü 1,83
2017-07-07,Menü 2,43
2017-07-07,Menü 3,186
2017-07-10,Menü 1,102
2017-07-10,Menü 2,117
2017-07-10,Menü 3,127
2017-07-11,Menü 1,96
2017-07-11,Menü 2,108
2017-07-11,Menü 3,161
2017-07-12,Menü 1,102
2017-07-12,Menü 2,107
2017-07-12,Menü 3,219
2017-07-13,Menü 1,47
2017-07-13,Menü 2,81
2017-07-13,Menü 3,205
2017-07-14,Menü 1,128
2017-07-14,Menü 2,169
2017-07-14,Menü 3,45
2017-07-17,Menü 1,98
2017-07-17,Menü 2,192
2017-07-17,Menü 3,109
2017-07-18,Menü 1,99
2017-07-18,Menü 2,126
2017-07-18,Menü 3,160
2017-07-19,Menü 1,145
2017-07-19,Menü 2,100
2017-07-19,Menü 3,192
2017-07-20,Menü 1,61
2017-07-20,Menü 2,113
2017-07-20,Menü 3,187
2017-07-21,Menü 1,124
2017-07-21,Menü 2,70
2017-07-21,Menü 3,96
2017-07-24,Menü 1,85
2017-07-24,Menü 2,176
2017-07-24,Menü 3,101
2017-07-25,Menü 1,49
2017-07-25,Menü 2,122
2017-07-25,Menü 3,207
2017-07-26,Menü 1,91
2017-07-26,Menü 2,112
2017-07-26,Menü 3,222
2017-07-27,Menü 1,99
2017-07-27,Menü 2,129
2017-07-27,Menü 3,101
2017-07-28,Menü 1,146
2017-07-28,Menü 2,91
2017-07-28,Menü 3,93
2017-07-31,Menü 1,79
2017-07-31,Menü 2,149
2017-07-31,Menü 3,84
2017-08-01,Menü 1,40
2017-08-01,Menü 2,142
2017-08-01,Menü 3,202
2017-08-02,Menü 1,134
2017-08-02,Menü 2,190
2017-08-02,Menü 3,84
2017-08-03,Menü 1,113
2017-08-03,Menü 2,76
2017-08-03,Menü 3,227
2017-08-04,Menü 1,44
2017-08-04,Menü 2,36
2017-08-04,Menü 3,254
2017-08-07,Menü 1,102
2017-08-07,Menü 2,159
2017-08-07,Menü 3,96
2017-08-08,Menü 1,70
2017-08-08,Menü 2,109
2017-08-08,Menü 3,168
2017-08-09,Menü 1,84
2017-08-09,Menü 2,114
2017-08-09,Menü 3,236
2017-08-10,Menü 1,130
2017-08-10,Menü 2,89
2017-08-10,Menü 3,141
2017-08-11,Menü 1,77
2017-08-11,Menü 2,127
2017-08-11,Menü 3,145
2017-08-14,Menü 1,41
2017-08-14,Menü 2,90
2017-08-14,Menü 3,134
2017-08-15,Menü 1,57
2017-08-15,Menü 2,94
2017-08-15,Menü 3,144
2017-08-16,Menü 1,91
2017-08-16,Menü 2,92
2017-08-16,Menü 3,222
2017-08-17,Menü 1,50
2017-08-17,Menü 2,149
2017-08-17,Menü 3,161
2017-08-18,Menü 1,112
2017-08-18,Menü 2,118
2017-08-18,Menü 3,98
2017-08-21,Menü 1,71
2017-08-21,Menü 2,114
2017-08-21,Menü 3,126
2017-08-22,Menü 1,58
2017-08-22,Menü 2,113
2017-08-22,Menü 3,109
2017-08-23,Menü 1,81
2017-08-23,Menü 2,112
2017-08-23,Menü 3,182
2017-08-24,Menü 1,117
2017-08-24,Menü 2,82
2017-08-24,Menü 3,118
2017-08-25,Menü 1,64
2017-08-25,Menü 2,51
2017-08-25,Menü 3,97
2017-08-28,Menü 1,124
2017-08-28,Menü 2,140
2017-08-28,Menü 3,65
2017-08-29,Menü 1,49
2017-08-29,Menü 2,102
2017-08-29,Menü 3,169
2017-08-30,Menü 1,48
2017-08-30,Menü 2,67
2017-08-30,Menü 3,238
2017-08-31,Menü 1,79
2017-08-31,Menü 2,114
2017-08-31,Menü 3,133
2017-09-01,Menü 1,55
2017-09-01,Menü 2,64
2017-09-01,Menü 3,139
2017-09-04,Menü 1,68
2017-09-04,Menü 2,129
2017-09-04,Menü 3,152
2017-09-05,Menü 1,102
2017-09-05,Menü 2,80
2017-09-05,Menü 3,126
2017-09-06,Menü 1,76
2017-09-06,Menü 2,161
2017-09-06,Menü 3,146
2017-09-07,Menü 1,95
2017-09-07,Menü 2,52
2017-09-07,Menü 3,200
2017-09-08,Menü 1,149
2017-09-08,Menü 2,56
2017-09-08,Menü 3,77
2017-09-11,Menü 1,83
2017-09-11,Menü 2,200
2017-09-11,Menü 3,110
2017-09-12,Menü 1,77
2017-09-12,Menü 2,159
2017-09-12,Menü 3,194
2017-09-13,Menü 1,78
2017-09-13,Menü 2,149
2017-09-13,Menü 3,214
2017-09-14,Menü 1,86
2017-09-14,Menü 2,86
2017-09-14,Menü 3,138
2017-09-15,Menü 1,96
2017-09-15,Menü 2,60
2017-09-15,Menü 3,152
2017-09-18,Menü 1,92
2017-09-18,Menü 2,118
2017-09-18,Menü 3,202
2017-09-19,Menü 1,84
2017-09-19,Menü 2,119
2017-09-19,Menü 3,160
2017-09-20,Menü 1,57
2017-09-20,Menü 2,130
2017-09-20,Menü 3,203
2017-09-21,Menü 1,16
2017-09-21,Menü 2,131
2017-09-21,Menü 3,249
2017-09-22,Menü 1,118
2017-09-22,Menü 2,63
2017-09-22,Menü 3,70
2017-09-25,Menü 1,42
2017-09-25,Menü 2,161
2017-09-25,Menü 3,154
2017-09-26,Menü 1,55
2017-09-26,Menü 2,151
2017-09-26,Menü 3,141
2017-09-27,Menü 1,107
2017-09-27,Menü 2,135
2017-09-27,Menü 3,140
2017-09-28,Menü 1,79
2017-09-28,Menü 2,167
2017-09-28,Menü 3,149
2017-09-29,Menü 1,123
2017-09-29,Menü 2,59
2017-09-29,Menü 3,93
2017-10-04,Menü 1,68
2017-10-04,Menü 2,109
2017-10-04,Menü 3,212
2017-10-05,Menü 1,66
2017-10-05,Menü 2,172
2017-10-05,Menü 3,174
2017-10-06,Menü 1,70
2017-10-06,Menü 2,142
2017-10-06,Menü 3,132
2017-10-09,Menü 1,66
2017-10-09,Menü 2,201
2017-10-09,Menü 3,118
2017-10-10,Menü 1,73
2017-10-10,Menü 2,121
2017-10-10,Menü 3,179
2017-10-11,Menü 1,50
2017-10-11,Menü 2,120
2017-10-11,Menü 3,267
2017-10-12,Menü 1,87
2017-10-12,Menü 2,246
2017-10-12,Menü 3,129
2017-10-13,Menü 1,108
2017-10-13,Menü 2,98
2017-10-13,Menü 3,152
2017-10-16,Menü 1,89
2017-10-16,Menü 2,189
2017-10-16,Menü 3,119
2017-10-17,Menü 1,174
2017-10-17,Menü 2,94
2017-10-17,Menü 3,162
2017-10-18,Menü 1,63
2017-10-18,Menü 2,130
2017-10-18,Menü 3,240
2017-10-19,Menü 1,85
2017-10-19,Menü 2,159
2017-10-19,Menü 3,126
2017-10-20,Menü 1,94
2017-10-20,Menü 2,53
2017-10-20,Menü 3,117
2017-10-23,Menü 1,149
2017-10-23,Menü 2,128
2017-10-23,Menü 3,141
2017-10-24,Menü 1,57
2017-10-24,Menü 2,146
2017-10-24,Menü 3,145
2017-10-25,Menü 1,92
2017-10-25,Menü 2,75
2017-10-25,Menü 3,219
2017-10-26,Menü 1,89
2017-10-26,Menü 2,202
2017-10-26,Menü 3,54
2017-10-27,Menü 1,101
2017-10-27,Menü 2,79
2017-10-27,Menü 3,149
2017-11-02,Menü 1,48
2017-11-02,Menü 2,92
2017-11-02,Menü 3,167
2017-11-03,Menü 1,107
2017-11-03,Menü 2,54
2017-11-03,Menü 3,65
2017-11-06,Menü 1,70
2017-11-06,Menü 2,149
2017-11-06,Menü 3,199
2017-11-07,Menü 1,85
2017-11-07,Menü 2,126
2017-11-07,Menü 3,170
2017-11-08,Menü 1,79
2017-11-08,Menü 2,105
2017-11-08,Menü 3,265
2017-11-09,Menü 1,108
2017-11-09,Menü 2,98
2017-11-09,Menü 3,121
2017-11-10,Menü 1,62
2017-11-10,Menü 2,76
2017-11-10,Menü 3,192
2017-11-13,Menü 1,59
2017-11-13,Menü 2,157
2017-11-13,Menü 3,161
2017-11-14,Menü 1,39
2017-11-14,Menü 2,133
2017-11-14,Menü 3,252
2017-11-15,Menü 1,74
2017-11-15,Menü 2,95
2017-11-15,Menü 3,267
2017-11-16,Menü 1,50
2017-11-16,Menü 2,112
2017-11-16,Menü 3,259
2017-11-17,Menü 1,101
2017-11-17,Menü 2,174
2017-11-17,Menü 3,111
2017-11-20,Menü 1,123
2017-11-20,Menü 2,133
2017-11-20,Menü 3,133
2017-11-21,Menü 1,64
2017-11-21,Menü 2,160
2017-11-21,Menü 3,147
2017-11-22,Menü 1,85
2017-11-22,Menü 2,137
2017-11-22,Menü 3,247
2017-11-23,Menü 1,130
2017-11-23,Menü 2,105
2017-11-23,Menü 3,161
2017-11-24,Menü 1,124
2017-11-24,Menü 2,102
2017-11-24,Menü 3,75
2017-11-27,Menü 1,80
2017-11-27,Menü 2,83
2017-11-27,Menü 3,182
2017-11-28,Menü 1,69
2017-11-28,Menü 2,136
2017-11-28,Menü 3,188
2017-11-29,Menü 1,58
2017-11-29,Menü 2,197
2017-11-29,Menü 3,193
2017-11-30,Menü 1,70
2017-11-30,Menü 2,174
2017-11-30,Menü 3,207
2017-12-01,Menü 1,107
2017-12-01,Menü 2,107
2017-12-01,Menü 3,104
2017-12-04,Menü 1,88
2017-12-04,Menü 2,131
2017-12-04,Menü 3,216
2017-12-05,Menü 1,71
2017-12-05,Menü 2,125
2017-12-05,Menü 3,228
2017-12-06,Menü 1,108
2017-12-06,Menü 2,149
2017-12-06,Menü 3,195
2017-12-07,Menü 1,85
2017-12-07,Menü 2,242
2017-12-07,Menü 3,172
2017-12-08,Menü 1,66
2017-12-08,Menü 2,164
2017-12-08,Menü 3,119
2017-12-11,Menü 1,67
2017-12-11,Menü 2,166
2017-12-11,Menü 3,193
2017-12-12,Menü 1,138
2017-12-12,Menü 2,48
2017-12-12,Menü 3,349
2017-12-13,Menü 1,81
2017-12-13,Menü 2,154
2017-12-13,Menü 3,225
2017-12-14,Menü 1,145
2017-12-14,Menü 2,110
2017-12-14,Menü 3,213
2017-12-15,Menü 1,106
2017-12-15,Menü 2,75
2017-12-15,Menü 3,133
2017-12-18,Menü 1,63
2017-12-18,Menü 2,176
2017-12-18,Menü 3,142
2017-12-19,Menü 1,46
2017-12-19,Menü 2,184
2017-12-19,Menü 3,181
2017-12-20,Menü 1,112
2017-12-20,Menü 2,104
2017-12-20,Menü 3,198
2017-12-21,Menü 1,49
2017-12-21,Menü 2,56
2017-12-21,Menü 3,237
2017-12-22,Menü 1,35
2017-12-22,Menü 2,29
2017-12-22,Menü 3,80
2018-01-02,Menü 1,63
2018-01-02,Menü 2,95
2018-01-02,Menü 3,87
2018-01-03,Menü 1,63
2018-01-03,Menü 2,54
2018-01-03,Menü 3,171
2018-01-04,Menü 1,92
2018-01-04,Menü 2,120
2018-01-04,Menü 3,79
2018-01-05,Menü 1,64
2018-01-05,Menü 2,53
2018-01-05,Menü 3,87
2018-01-08,Menü 1,100
2018-01-08,Menü 2,135
2018-01-08,Menü 3,148
2018-01-09,Menü 1,107
2018-01-09,Menü 2,101
2018-01-09,Menü 3,213
2018-01-10,Menü 1,59
2018-01-10,Menü 2,104
2018-01-10,Menü 3,258
2018-01-11,Menü 1,63
2018-01-11,Menü 2,102
2018-01-11,Menü 3,180
2018-01-12,Menü 1,108
2018-01-12,Menü 2,51
2018-01-12,Menü 3,153
2018-01-15,Menü 1,55
2018-01-15,Menü 2,135
2018-01-15,Menü 3,184
2018-01-16,Menü 1,88
2018-01-16,Menü 2,140
2018-01-16,Menü 3,172
2018-01-17,Menü 1,84
2018-01-17,Menü 2,228
2018-01-17,Menü 3,184
2018-01-18,Menü 1,98
2018-01-18,Menü 2,76
2018-01-18,Menü 3,275
2018-01-19,Menü 1,106
2018-01-19,Menü 2,154
2018-01-19,Menü 3,115
2018-01-22,Menü 1,168
2018-01-22,Menü 2,97
2018-01-22,Menü 3,129
2018-01-23,Menü 1,65
2018-01-23,Menü 2,129
2018-01-23,Menü 3,145
2018-01-24,Menü 1,108
2018-01-24,Menü 2,98
2018-01-24,Menü 3,213
2018-01-25,Menü 1,102
2018-01-25,Menü 2,163
2018-01-25,Menü 3,119
2018-01-26,Menü 1,57
2018-01-26,Menü 2,82
2018-01-26,Menü 3,176
2018-01-29,Menü 1,66
2018-01-29,Menü 2,209
2018-01-29,Menü 3,77
2018-01-30,Menü 1,33
2018-01-30,Menü 2,135
2018-01-30,Menü 3,214
2018-01-31,Menü 1,96
2018-01-31,Menü 2,102
2018-01-31,Menü 3,234
2018-02-01,Menü 1,88
2018-02-01,Menü 2,166
2018-02-01,Menü 3,134
2018-02-02,Menü 1,111
2018-02-02,Menü 2,100
2018-02-02,Menü 3,110
2018-02-05,Menü 1,139
2018-02-05,Menü 2,169
2018-02-05,Menü 3,120
2018-02-06,Menü 1,52
2018-02-06,Menü 2,132
2018-02-06,Menü 3,169
2018-02-07,Menü 1,104
2018-02-07,Menü 2,126
2018-02-07,Menü 3,224
2018-02-08,Menü 1,111
2018-02-08,Menü 2,63
2018-02-08,Menü 3,242
2018-02-09,Menü 1,62
2018-02-09,Menü 2,76
2018-02-09,Menü 3,155
2018-02-12,Menü 1,93
2018-02-12,Menü 2,55
2018-02-12,Menü 3,154
2018-02-13,Menü 1,142
2018-02-13,Menü 2,66
2018-02-13,Menü 3,97
2018-02-14,Menü 1,90
2018-02-14,Menü 2,89
2018-02-14,Menü 3,211
2018-02-15,Menü 1,33
2018-02-15,Menü 2,133
2018-02-15,Menü 3,168
2018-02-16,Menü 1,36
2018-02-16,Menü 2,148
2018-02-16,Menü 3,94
2018-02-19,Menü 1,155
2018-02-19,Menü 2,97
2018-02-19,Menü 3,131
2018-02-20,Menü 1,60
2018-02-20,Menü 2,133
2018-02-20,Menü 3,141
2018-02-21,Menü 1,117
2018-02-21,Menü 2,101
2018-02-21,Menü 3,238
2018-02-22,Menü 1,125
2018-02-22,Menü 2,101
2018-02-22,Menü 3,182
2018-02-23,Menü 1,57
2018-02-23,Menü 2,145
2018-02-23,Menü 3,148
2018-02-26,Menü 1,50
2018-02-26,Menü 2,171
2018-02-26,Menü 3,109
2018-02-27,Menü 1,85
2018-02-27,Menü 2,108
2018-02-27,Menü 3,170
2018-02-28,Menü 1,87
2018-02-28,Menü 2,85
2018-02-28,Menü 3,249
2018-03-01,Menü 1,88
2018-03-01,Menü 2,130
2018-03-01,Menü 3,168
2018-03-02,Menü 1,56
2018-03-02,Menü 2,149
2018-03-02,Menü 3,156
2018-03-05,Menü 1,68
2018-03-05,Menü 2,166
2018-03-05,Menü 3,151
2018-03-06,Menü 1,60
2018-03-06,Menü 2,109
2018-03-06,Menü 3,215
2018-03-07,Menü 1,116
2018-03-07,Menü 2,69
2018-03-07,Menü 3,237
2018-03-08,Menü 1,62
2018-03-08,Menü 2,112
2018-03-08,Menü 3,183
2018-03-09,Menü 1,91
2018-03-09,Menü 2,105
2018-03-09,Menü 3,67
2018-03-12,Menü 1,61
2018-03-12,Menü 2,75
2018-03-12,Menü 3,188
2018-03-13,Menü 1,62
2018-03-13,Menü 2,139
2018-03-13,Menü 3,154
2018-03-14,Menü 1,88
2018-03-14,Menü 2,140
2018-03-14,Menü 3,179
2018-03-15,Menü 1,74
2018-03-15,Menü 2,113
2018-03-15,Menü 3,241
2018-03-16,Menü 1,61
2018-03-16,Menü 2,156
2018-03-16,Menü 3,151
2018-03-19,Menü 1,112
2018-03-19,Menü 2,87
2018-03-19,Menü 3,107
2018-03-20,Menü 1,94
2018-03-20,Menü 2,115
2018-03-20,Menü 3,178
2018-03-21,Menü 1,80
2018-03-21,Menü 2,193
2018-03-21,Menü 3,184
2018-03-22,Menü 1,114
2018-03-22,Menü 2,118
2018-03-22,Menü 3,125
2018-03-23,Menü 1,128
2018-03-23,Menü 2,69
2018-03-23,Menü 3,118
2018-03-26,Menü 1,48
2018-03-26,Menü 2,133
2018-03-26,Menü 3,166
2018-03-27,Menü 1,81
2018-03-27,Menü 2,165
2018-03-27,Menü 3,177
2018-03-28,Menü 1,104
2018-03-28,Menü 2,84
2018-03-28,Menü 3,259
2018-03-29,Menü 1,92
2018-03-29,Menü 2,164
2018-03-29,Menü 3,73
2018-04-03,Menü 1,39
2018-04-03,Menü 2,122
2018-04-03,Menü 3,186
2018-04-04,Menü 1,53
2018-04-04,Menü 2,79
2018-04-04,Menü 3,209
2018-04-05,Menü 1,95
2018-04-05,Menü 2,127
2018-04-05,Menü 3,145
2018-04-06,Menü 1,129
2018-04-06,Menü 2,52
2018-04-06,Menü 3,94
2018-04-09,Menü 1,115
2018-04-09,Menü 2,83
2018-04-09,Menü 3,143
2018-04-10,Menü 1,180
2018-04-10,Menü 2,86
2018-04-10,Menü 3,137
2018-04-11,Menü 1,86
2018-04-11,Menü 2,129
2018-04-11,Menü 3,260
2018-04-12,Menü 1,85
2018-04-12,Menü 2,97
2018-04-12,Menü 3,214
2018-04-13,Menü 1,95
2018-04-13,Menü 2,125
2018-04-13,Menü 3,127
2018-04-16,Menü 1,132
2018-04-16,Menü 2,119
2018-04-16,Menü 3,137
2018-04-17,Menü 1,85
2018-04-17,Menü 2,87
2018-04-17,Menü 3,218
2018-04-18,Menü 1,80
2018-04-18,Menü 2,121
2018-04-18,Menü 3,171
2018-04-19,Menü 1,310
2018-04-19,Menü 2,105
2018-04-19,Menü 3,137
2018-04-20,Menü 1,64
2018-04-20,Menü 2,80
2018-04-20,Menü 3,145
2018-04-23,Menü 1,107
2018-04-23,Menü 2,126
2018-04-23,Menü 3,156
2018-04-24,Menü 1,70
2018-04-24,Menü 2,119
2018-04-24,Menü 3,178
2018-04-25,Menü 1,154
2018-04-25,Menü 2,88
2018-04-25,Menü 3,198
2018-04-26,Menü 1,61
2018-04-26,Menü 2,130
2018-04-26,Menü 3,170
2018-04-27,Menü 1,62
2018-04-27,Menü 2,164
2018-04-27,Menü 3,111
2018-05-02,Menü 1,55
2018-05-02,Menü 2,153
2018-05-02,Menü 3,214
2018-05-03,Menü 1,86
2018-05-03,Menü 2,149
2018-05-03,Menü 3,181
2018-05-04,Menü 1,106
2018-05-04,Menü 2,76
2018-05-04,Menü 3,142
2018-05-07,Menü 1,130
2018-05-07,Menü 2,104
2018-05-07,Menü 3,134
2018-05-08,Menü 1,82
2018-05-08,Menü 2,161
2018-05-08,Menü 3,183
2018-05-09,Menü 1,75
2018-05-09,Menü 2,130
2018-05-09,Menü 3,172
2018-05-14,Menü 1,112
2018-05-14,Menü 2,147
2018-05-14,Menü 3,81
2018-05-15,Menü 1,74
2018-05-15,Menü 2,145
2018-05-15,Menü 3,125
2018-05-16,Menü 1,115
2018-05-16,Menü 2,137
2018-05-16,Menü 3,219
2018-05-17,Menü 1,51
2018-05-17,Menü 2,95
2018-05-17,Menü 3,282
2018-05-18,Menü 1,124
2018-05-18,Menü 2,73
2018-05-18,Menü 3,115
2018-05-22,Menü 1,41
2018-05-22,Menü 2,133
2018-05-22,Menü 3,162
2018-05-23,Menü 1,114
2018-05-23,Menü 2,64
2018-05-23,Menü 3,212
2018-05-24,Menü 1,100
2018-05-24,Menü 2,111
2018-05-24,Menü 3,134
2018-05-25,Menü 1,108
2018-05-25,Menü 2,103
2018-05-25,Menü 3,116
2018-05-28,Menü 1,110
2018-05-28,Menü 2,89
2018-05-28,Menü 3,144
2018-05-29,Menü 1,58
2018-05-29,Menü 2,113
2018-05-29,Menü 3,130
2018-05-30,Menü 1,128
2018-05-30,Menü 2,67
2018-05-30,Menü 3,162
2018-06-04,Menü 1,77
2018-06-04,Menü 2,132
2018-06-04,Menü 3,84
2018-06-05,Menü 1,95
2018-06-05,Menü 2,120
2018-06-05,Menü 3,123
2018-06-06,Menü 1,116
2018-06-06,Menü 2,91
2018-06-06,Menü 3,193
2018-06-07,Menü 1,46
2018-06-07,Menü 2,121
2018-06-07,Menü 3,184
2018-06-08,Menü 1,105
2018-06-08,Menü 2,71
2018-06-08,Menü 3,146
2018-06-11,Menü 1,102
2018-06-11,Menü 2,98
2018-06-11,Menü 3,154
2018-06-12,Menü 1,97
2018-06-12,Menü 2,105
2018-06-12,Menü 3,187
2018-06-13,Menü 1,77
2018-06-13,Menü 2,110
2018-06-13,Menü 3,235
2018-06-14,Menü 1,107
2018-06-14,Menü 2,91
2018-06-14,Menü 3,151
2018-06-15,Menü 1,64
2018-06-15,Menü 2,108
2018-06-15,Menü 3,117
2018-06-18,Menü 1,83
2018-06-18,Menü 2,214
2018-06-18,Menü 3,110
2018-06-19,Menü 1,51
2018-06-19,Menü 2,163
2018-06-19,Menü 3,200
2018-06-20,Menü 1,85
2018-06-20,Menü 2,91
2018-06-20,Menü 3,258
2018-06-21,Menü 1,93
2018-06-21,Menü 2,146
2018-06-21,Menü 3,117
2018-06-22,Menü 1,96
2018-06-22,Menü 2,89
2018-06-22,Menü 3,126
2018-06-25,Menü 1,163
2018-06-25,Menü 2,131
2018-06-25,Menü 3,166
2018-06-26,Menü 1,79
2018-06-26,Menü 2,150
2018-06-26,Menü 3,193
2018-06-27,Menü 1,110
2018-06-27,Menü 2,85
2018-06-27,Menü 3,241
2018-06-28,Menü 1,70
2018-06-28,Menü 2,100
2018-06-28,Menü 3,280
2018-06-29,Menü 1,19
2018-06-29,Menü 2,122
2018-06-29,Menü 3,72
2018-07-02,Menü 1,91
2018-07-02,Menü 2,50
2018-07-02,Menü 3,144
2018-07-03,Menü 1,119
2018-07-03,Menü 2,129
2018-07-03,Menü 3,121
2018-07-04,Menü 1,118
2018-07-04,Menü 2,171
2018-07-04,Menü 3,108
2018-07-05,Menü 1,96
2018-07-05,Menü 2,254
2018-07-05,Menü 3,44
2018-07-06,Menü 1,77
2018-07-06,Menü 2,266
2018-07-06,Menü 3,96
2018-07-09,Menü 1,124
2018-07-09,Menü 2,138
2018-07-09,Menü 3,146
2018-07-10,Menü 1,92
2018-07-10,Menü 2,163
2018-07-10,Menü 3,143
2018-07-11,Menü 1,132
2018-07-11,Menü 2,156
2018-07-11,Menü 3,135
2018-07-12,Menü 1,111
2018-07-12,Menü 2,242
2018-07-12,Menü 3,64
2018-07-13,Menü 1,54
2018-07-13,Menü 2,153
2018-07-13,Menü 3,165
2018-07-16,Menü 1,76
2018-07-16,Menü 2,166
2018-07-16,Menü 3,137
2018-07-17,Menü 1,116
2018-07-17,Menü 2,177
2018-07-17,Menü 3,126
2018-07-18,Menü 1,150
2018-07-18,Menü 2,126
2018-07-18,Menü 3,91
2018-07-19,Menü 1,39
2018-07-19,Menü 2,239
2018-07-19,Menü 3,66
2018-07-20,Menü 1,76
2018-07-20,Menü 2,79
2018-07-20,Menü 3,58
2018-07-23,Menü 1,79
2018-07-23,Menü 2,134
2018-07-23,Menü 3,160
2018-07-24,Menü 1,111
2018-07-24,Menü 2,133
2018-07-24,Menü 3,156
2018-07-25,Menü 1,121
2018-07-25,Menü 2,75
2018-07-25,Menü 3,195
2018-07-26,Menü 1,112
2018-07-26,Menü 2,54
2018-07-26,Menü 3,229
2018-07-27,Menü 1,63
2018-07-27,Menü 2,64
2018-07-27,Menü 3,101
2018-07-30,Menü 1,62
2018-07-30,Menü 2,116
2018-07-30,Menü 3,127
2018-07-31,Menü 1,82
2018-07-31,Menü 2,144
2018-07-31,Menü 3,99
2018-08-01,Menü 1,81
2018-08-01,Menü 2,123
2018-08-01,Menü 3,172
2018-08-02,Menü 1,73
2018-08-02,Menü 2,88
2018-08-02,Menü 3,130
2018-08-03,Menü 1,19
2018-08-03,Menü 2,123
2018-08-03,Menü 3,194
2018-08-06,Menü 1,57
2018-08-06,Menü 2,180
2018-08-06,Menü 3,108
2018-08-07,Menü 1,117
2018-08-07,Menü 2,80
2018-08-07,Menü 3,163
2018-08-08,Menü 1,43
2018-08-08,Menü 2,126
2018-08-08,Menü 3,193
2018-08-09,Menü 1,115
2018-08-09,Menü 2,75
2018-08-09,Menü 3,186
2018-08-10,Menü 1,53
2018-08-10,Menü 2,246
2018-08-10,Menü 3,67
2018-08-13,Menü 1,82
2018-08-13,Menü 2,121
2018-08-13,Menü 3,134
2018-08-14,Menü 1,65
2018-08-14,Menü 2,172
2018-08-14,Menü 3,155
2018-08-15,Menü 1,92
2018-08-15,Menü 2,39
2018-08-15,Menü 3,161
2018-08-16,Menü 1,68
2018-08-16,Menü 2,233
2018-08-16,Menü 3,54
2018-08-17,Menü 1,55
2018-08-17,Menü 2,107
2018-08-17,Menü 3,137
2018-08-20,Menü 1,72
2018-08-20,Menü 2,80
2018-08-20,Menü 3,162
2018-08-21,Menü 1,114
2018-08-21,Menü 2,121
2018-08-21,Menü 3,117
2018-08-22,Menü 1,155
2018-08-22,Menü 2,97
2018-08-22,Menü 3,100
2018-08-23,Menü 1,56
2018-08-23,Menü 2,206
2018-08-23,Menü 3,82
2018-08-24,Menü 1,36
2018-08-24,Menü 2,53
2018-08-24,Menü 3,62
2018-08-27,Menü 1,117
2018-08-27,Menü 2,116
2018-08-27,Menü 3,100
2018-08-28,Menü 1,52
2018-08-28,Menü 2,161
2018-08-28,Menü 3,112
2018-08-29,Menü 1,115
2018-08-29,Menü 2,102
2018-08-29,Menü 3,139
2018-08-30,Menü 1,169
2018-08-30,Menü 2,136
2018-08-30,Menü 3,74
2018-08-31,Menü 1,18
2018-08-31,Menü 2,214
2018-08-31,Menü 3,73
2018-09-03,Menü 1,83
2018-09-03,Menü 2,76
2018-09-03,Menü 3,175
2018-09-04,Menü 1,137
2018-09-04,Menü 2,104
2018-09-04,Menü 3,103
2018-09-05,Menü 1,81
2018-09-05,Menü 2,165
2018-09-05,Menü 3,113
2018-09-06,Menü 1,70
2018-09-06,Menü 2,226
2018-09-06,Menü 3,75
2018-09-07,Menü 1,73
2018-09-07,Menü 2,97
2018-09-07,Menü 3,87
2018-09-10,Menü 1,103
2018-09-10,Menü 2,101
2018-09-10,Menü 3,156
2018-09-11,Menü 1,87
2018-09-11,Menü 2,192
2018-09-11,Menü 3,96
2018-09-12,Menü 1,37
2018-09-12,Menü 2,93
2018-09-12,Menü 3,242
2018-09-13,Menü 1,370
2018-09-13,Menü 2,102
2018-09-13,Menü 3,152
2018-09-14,Menü 1,77
2018-09-14,Menü 2,97
2018-09-14,Menü 3,85
2018-09-17,Menü 1,89
2018-09-17,Menü 2,130
2018-09-17,Menü 3,129
2018-09-18,Menü 1,88
2018-09-18,Menü 2,143
2018-09-18,Menü 3,154
2018-09-19,Menü 1,118
2018-09-19,Menü 2,127
2018-09-19,Menü 3,202
2018-09-20,Menü 1,115
2018-09-20,Menü 2,82
2018-09-20,Menü 3,210
2018-09-21,Menü 1,68
2018-09-21,Menü 2,103
2018-09-21,Menü 3,101
2018-09-24,Menü 1,104
2018-09-24,Menü 2,103
2018-09-24,Menü 3,198
2018-09-25,Menü 1,70
2018-09-25,Menü 2,179
2018-09-25,Menü 3,110
2018-09-26,Menü 1,115
2018-09-26,Menü 2,44
2018-09-26,Menü 3,219
2018-09-27,Menü 1,127
2018-09-27,Menü 2,88
2018-09-27,Menü 3,134
2018-09-28,Menü 1,117
2018-09-28,Menü 2,87
2018-09-28,Menü 3,74
2018-10-01,Menü 1,68
2018-10-01,Menü 2,105
2018-10-01,Menü 3,188
2018-10-02,Menü 1,92
2018-10-02,Menü 2,145
2018-10-02,Menü 3,144
2018-10-04,Menü 1,106
2018-10-04,Menü 2,22
2018-10-04,Menü 3,216
2018-10-05,Menü 1,65
2018-10-05,Menü 2,138
2018-10-05,Menü 3,93
2018-10-08,Menü 1,100
2018-10-08,Menü 2,125
2018-10-08,Menü 3,100
2018-10-09,Menü 1,102
2018-10-09,Menü 2,61
2018-10-09,Menü 3,195
2018-10-10,Menü 1,52
2018-10-10,Menü 2,119
2018-10-10,Menü 3,229
2018-10-11,Menü 1,80
2018-10-11,Menü 2,153
2018-10-11,Menü 3,200
2018-10-12,Menü 1,78
2018-10-12,Menü 2,67
2018-10-12,Menü 3,149
2018-10-15,Menü 1,128
2018-10-15,Menü 2,151
2018-10-15,Menü 3,114
2018-10-16,Menü 1,89
2018-10-16,Menü 2,172
2018-10-16,Menü 3,133
2018-10-17,Menü 1,136
2018-10-17,Menü 2,206
2018-10-17,Menü 3,97
2018-10-18,Menü 1,108
2018-10-18,Menü 2,147
2018-10-18,Menü 3,127
2018-10-19,Menü 1,134
2018-10-19,Menü 2,61
2018-10-19,Menü 3,76
2018-10-22,Menü 1,116
2018-10-22,Menü 2,133
2018-10-22,Menü 3,137
2018-10-23,Menü 1,98
2018-10-23,Menü 2,241
2018-10-23,Menü 3,120
2018-10-24,Menü 1,76
2018-10-24,Menü 2,270
2018-10-24,Menü 3,120
2018-10-25,Menü 1,95
2018-10-25,Menü 2,118
2018-10-25,Menü 3,184
2018-10-26,Menü 1,65
2018-10-26,Menü 2,84
2018-10-26,Menü 3,139
2018-10-29,Menü 1,88
2018-10-29,Menü 2,127
2018-10-29,Menü 3,107
2018-10-30,Menü 1,62
2018-10-30,Menü 2,144
2018-10-30,Menü 3,95
2018-10-31,Menü 1,34
2018-10-31,Menü 2,183
2018-10-31,Menü 3,58
2018-11-05,Menü 1,62
2018-11-05,Menü 2,106
2018-11-05,Menü 3,175
2018-11-06,Menü 1,149
2018-11-06,Menü 2,100
2018-11-06,Menü 3,183
2018-11-07,Menü 1,176
2018-11-07,Menü 2,195
2018-11-07,Menü 3,62
2018-11-08,Menü 1,179
2018-11-08,Menü 2,161
2018-11-08,Menü 3,104
2018-11-09,Menü 1,97
2018-11-09,Menü 2,74
2018-11-09,Menü 3,140
2018-11-12,Menü 1,152
2018-11-12,Menü 2,77
2018-11-12,Menü 3,158
2018-11-13,Menü 1,63
2018-11-13,Menü 2,222
2018-11-13,Menü 3,92
2018-11-14,Menü 1,53
2018-11-14,Menü 2,163
2018-11-14,Menü 3,202
2018-11-15,Menü 1,75
2018-11-15,Menü 2,144
2018-11-15,Menü 3,135
2018-11-16,Menü 1,76
2018-11-16,Menü 2,98
2018-11-16,Menü 3,112
2018-11-19,Menü 1,66
2018-11-19,Menü 2,163
2018-11-19,Menü 3,162
2018-11-20,Menü 1,121
2018-11-20,Menü 2,105
2018-11-20,Menü 3,164
2018-11-21,Menü 1,76
2018-11-21,Menü 2,89
2018-11-21,Menü 3,277
2018-11-22,Menü 1,76
2018-11-22,Menü 2,125
2018-11-22,Menü 3,177
2018-11-23,Menü 1,59
2018-11-23,Menü 2,66
2018-11-23,Menü 3,172
2018-11-26,Menü 1,70
2018-11-26,Menü 2,226
2018-11-26,Menü 3,128
2018-11-27,Menü 1,83
2018-11-27,Menü 2,145
2018-11-27,Menü 3,176
2018-11-28,Menü 1,95
2018-11-28,Menü 2,137
2018-11-28,Menü 3,198
2018-11-29,Menü 1,88
2018-11-29,Menü 2,114
2018-11-29,Menü 3,177
2018-11-30,Menü 1,22
2018-11-30,Menü 2,145
2018-11-30,Menü 3,120
2018-12-03,Menü 1,102
2018-12-03,Menü 2,221
2018-12-03,Menü 3,41
2018-12-04,Menü 1,148
2018-12-04,Menü 2,142
2018-12-04,Menü 3,123
2018-12-05,Menü 1,71
2018-12-05,Menü 2,167
2018-12-05,Menü 3,190
2018-12-06,Menü 1,156
2018-12-06,Menü 2,70
2018-12-06,Menü 3,345
2018-12-07,Menü 1,46
2018-12-07,Menü 2,64
2018-12-07,Menü 3,146
2018-12-10,Menü 1,119
2018-12-10,Menü 2,105
2018-12-10,Menü 3,130
2018-12-11,Menü 1,104
2018-12-11,Menü 2,115
2018-12-11,Menü 3,170
2018-12-12,Menü 1,128
2018-12-12,Menü 2,103
2018-12-12,Menü 3,228
2018-12-13,Menü 1,108
2018-12-13,Menü 2,231
2018-12-13,Menü 3,79
2018-12-14,Menü 1,92
2018-12-14,Menü 2,58
2018-12-14,Menü 3,58
2018-12-17,Menü 1,65
2018-12-17,Menü 2,138
2018-12-17,Menü 3,132
2018-12-18,Menü 1,110
2018-12-18,Menü 2,126
2018-12-18,Menü 3,108
2018-12-19,Menü 1,39
2018-12-19,Menü 2,44
2018-12-19,Menü 3,205
2018-12-20,Menü 1,41
2018-12-20,Menü 2,106
2018-12-20,Menü 3,129
2018-12-21,Menü 1,16
2018-12-21,Menü 2,21
2018-12-21,Menü 3,105
2019-01-02,Menü 1,77
2019-01-02,Menü 2,31
2019-01-02,Menü 3,75
2019-01-03,Menü 1,86
2019-01-03,Menü 2,76
2019-01-03,Menü 3,69
2019-01-04,Menü 1,56
2019-01-04,Menü 2,45
2019-01-04,Menü 3,83
2019-01-07,Menü 1,94
2019-01-07,Menü 2,156
2019-01-07,Menü 3,160
2019-01-08,Menü 1,89
2019-01-08,Menü 2,125
2019-01-08,Menü 3,226
2019-01-09,Menü 1,87
2019-01-09,Menü 2,74
2019-01-09,Menü 3,256
2019-01-10,Menü 1,183
2019-01-10,Menü 2,141
2019-01-10,Menü 3,99
2019-01-11,Menü 1,47
2019-01-11,Menü 2,99
2019-01-11,Menü 3,150
2019-01-14,Menü 1,89
2019-01-14,Menü 2,206
2019-01-14,Menü 3,120
2019-01-15,Menü 1,89
2019-01-15,Menü 2,162
2019-01-15,Menü 3,128
2019-01-16,Menü 1,113
2019-01-16,Menü 2,87
2019-01-16,Menü 3,244
2019-01-17,Menü 1,109
2019-01-17,Menü 2,185
2019-01-17,Menü 3,116
2019-01-18,Menü 1,27
2019-01-18,Menü 2,70
2019-01-18,Menü 3,228
2019-01-21,Menü 1,99
2019-01-21,Menü 2,129
2019-01-21,Menü 3,109
2019-01-22,Menü 1,157
2019-01-22,Menü 2,179
2019-01-22,Menü 3,74
2019-01-23,Menü 1,69
2019-01-23,Menü 2,89
2019-01-23,Menü 3,276
2019-01-24,Menü 1,158
2019-01-24,Menü 2,176
2019-01-24,Menü 3,80
2019-01-25,Menü 1,94
2019-01-25,Menü 2,87
2019-01-25,Menü 3,120
2019-01-28,Menü 1,97
2019-01-28,Menü 2,105
2019-01-28,Menü 3,173
2019-01-29,Menü 1,86
2019-01-29,Menü 2,194
2019-01-29,Menü 3,138
2019-01-30,Menü 1,62
2019-01-30,Menü 2,70
2019-01-30,Menü 3,244
2019-01-31,Menü 1,146
2019-01-31,Menü 2,101
2019-01-31,Menü 3,138
2019-02-01,Menü 1,56
2019-02-01,Menü 2,73
2019-02-01,Menü 3,92
2019-02-04,Menü 1,131
2019-02-04,Menü 2,170
2019-02-04,Menü 3,109
2019-02-05,Menü 1,107
2019-02-05,Menü 2,173
2019-02-05,Menü 3,102
2019-02-06,Menü 1,82
2019-02-06,Menü 2,82
2019-02-06,Menü 3,248
2019-02-07,Menü 1,55
2019-02-07,Menü 2,154
2019-02-07,Menü 3,164
2019-02-08,Menü 1,35
2019-02-08,Menü 2,156
2019-02-08,Menü 3,106
2019-02-11,Menü 1,122
2019-02-11,Menü 2,136
2019-02-11,Menü 3,98
2019-02-12,Menü 1,96
2019-02-12,Menü 2,88
2019-02-12,Menü 3,191
2019-02-13,Menü 1,133
2019-02-13,Menü 2,22
2019-02-13,Menü 3,224
2019-02-14,Menü 1,69
2019-02-14,Menü 2,100
2019-02-14,Menü 3,209
2019-02-15,Menü 1,54
2019-02-15,Menü 2,59
2019-02-15,Menü 3,114
2019-02-18,Menü 1,75
2019-02-18,Menü 2,181
2019-02-18,Menü 3,134
2019-02-19,Menü 1,58
2019-02-19,Menü 2,118
2019-02-19,Menü 3,180
2019-02-20,Menü 1,63
2019-02-20,Menü 2,108
2019-02-20,Menü 3,233
2019-02-21,Menü 1,77
2019-02-21,Menü 2,197
2019-02-21,Menü 3,69
2019-02-22,Menü 1,70
2019-02-22,Menü 2,53
2019-02-22,Menü 3,171
2019-02-25,Menü 1,46
2019-02-25,Menü 2,149
2019-02-25,Menü 3,138
2019-02-26,Menü 1,170
2019-02-26,Menü 2,68
2019-02-26,Menü 3,136
2019-02-27,Menü 1,32
2019-02-27,Menü 2,101
2019-02-27,Menü 3,221
2019-02-28,Menü 1,144
2019-02-28,Menü 2,126
2019-02-28,Menü 3,132
2019-03-01,Menü 1,62
2019-03-01,Menü 2,74
2019-03-01,Menü 3,174
2019-03-04,Menü 1,119
2019-03-04,Menü 2,61
2019-03-04,Menü 3,132
2019-03-05,Menü 1,117
2019-03-05,Menü 2,125
2019-03-05,Menü 3,84
2019-03-06,Menü 1,73
2019-03-06,Menü 2,72
2019-03-06,Menü 3,204
2019-03-07,Menü 1,79
2019-03-07,Menü 2,61
2019-03-07,Menü 3,189
2019-03-08,Menü 1,52
2019-03-08,Menü 2,122
2019-03-08,Menü 3,98
2019-03-11,Menü 1,64
2019-03-11,Menü 2,146
2019-03-11,Menü 3,125
2019-03-12,Menü 1,105
2019-03-12,Menü 2,127
2019-03-12,Menü 3,154
2019-03-13,Menü 1,72
2019-03-13,Menü 2,115
2019-03-13,Menü 3,213
2019-03-14,Menü 1,133
2019-03-14,Menü 2,96
2019-03-14,Menü 3,93
2019-03-15,Menü 1,61
2019-03-15,Menü 2,65
2019-03-15,Menü 3,122
2019-03-18,Menü 1,70
2019-03-18,Menü 2,136
2019-03-18,Menü 3,144
2019-03-19,Menü 1,124
2019-03-19,Menü 2,154
2019-03-19,Menü 3,90
2019-03-20,Menü 1,112
2019-03-20,Menü 2,82
2019-03-20,Menü 3,200
2019-03-21,Menü 1,86
2019-03-21,Menü 2,210
2019-03-21,Menü 3,88
2019-03-22,Menü 1,44
2019-03-22,Menü 2,78
2019-03-22,Menü 3,113
2019-03-25,Menü 1,85
2019-03-25,Menü 2,221
2019-03-25,Menü 3,67
2019-03-26,Menü 1,63
2019-03-26,Menü 2,162
2019-03-26,Menü 3,121
2019-03-27,Menü 1,61
2019-03-27,Menü 2,95
2019-03-27,Menü 3,216
2019-03-28,Menü 1,95
2019-03-28,Menü 2,153
2019-03-28,Menü 3,144
2019-03-29,Menü 1,60
2019-03-29,Menü 2,96
2019-03-29,Menü 3,107
2019-04-01,Menü 1,90
2019-04-01,Menü 2,191
2019-04-01,Menü 3,87
2019-04-02,Menü 1,88
2019-04-02,Menü 2,98
2019-04-02,Menü 3,206
2019-04-03,Menü 1,35
2019-04-03,Menü 2,105
2019-04-03,Menü 3,217
2019-04-04,Menü 1,66
2019-04-04,Menü 2,150
2019-04-04,Menü 3,187
2019-04-05,Menü 1,53
2019-04-05,Menü 2,117
2019-04-05,Menü 3,116
2019-04-08,Menü 1,80
2019-04-08,Menü 2,92
2019-04-08,Menü 3,143
2019-04-09,Menü 1,123
2019-04-09,Menü 2,217
2019-04-09,Menü 3,75
2019-04-10,Menü 1,81
2019-04-10,Menü 2,99
2019-04-10,Menü 3,201
2019-04-11,Menü 1,96
2019-04-11,Menü 2,115
2019-04-11,Menü 3,170
2019-04-12,Menü 1,70
2019-04-12,Menü 2,58
2019-04-12,Menü 3,166
2019-04-15,Menü 1,95
2019-04-15,Menü 2,145
2019-04-15,Menü 3,118
2019-04-16,Menü 1,111
2019-04-16,Menü 2,129
2019-04-16,Menü 3,106
2019-04-17,Menü 1,77
2019-04-17,Menü 2,111
2019-04-17,Menü 3,168
2019-04-18,Menü 1,119
2019-04-18,Menü 2,77
2019-04-18,Menü 3,97
2019-04-23,Menü 1,72
2019-04-23,Menü 2,112
2019-04-23,Menü 3,94
2019-04-24,Menü 1,81
2019-04-24,Menü 2,26
2019-04-24,Menü 3,160
2019-04-25,Menü 1,104
2019-04-25,Menü 2,93
2019-04-25,Menü 3,101
2019-04-26,Menü 1,59
2019-04-26,Menü 2,65
2019-04-26,Menü 3,111
2019-04-29,Menü 1,149
2019-04-29,Menü 2,104
2019-04-29,Menü 3,61
2019-04-30,Menü 1,45
2019-04-30,Menü 2,77
2019-04-30,Menü 3,208
2019-05-02,Menü 1,86
2019-05-02,Menü 2,113
2019-05-02,Menü 3,113
2019-05-03,Menü 1,90
2019-05-03,Menü 2,54
2019-05-03,Menü 3,101
2019-05-06,Menü 1,100
2019-05-06,Menü 2,201
2019-05-06,Menü 3,92
2019-05-07,Menü 1,101
2019-05-07,Menü 2,127
2019-05-07,Menü 3,163
2019-05-08,Menü 1,77
2019-05-08,Menü 2,99
2019-05-08,Menü 3,244
2019-05-09,Menü 1,86
2019-05-09,Menü 2,201
2019-05-09,Menü 3,136
2019-05-10,Menü 1,68
2019-05-10,Menü 2,148
2019-05-10,Menü 3,101
2019-05-13,Menü 1,90
2019-05-13,Menü 2,129
2019-05-13,Menü 3,105
2019-05-14,Menü 1,93
2019-05-14,Menü 2,160
2019-05-14,Menü 3,144
2019-05-15,Menü 1,59
2019-05-15,Menü 2,80
2019-05-15,Menü 3,244
2019-05-16,Menü 1,51
2019-05-16,Menü 2,122
2019-05-16,Menü 3,146
2019-05-17,Menü 1,74
2019-05-17,Menü 2,57
2019-05-17,Menü 3,90
2019-05-20,Menü 1,73
2019-05-20,Menü 2,191
2019-05-20,Menü 3,126
2019-05-21,Menü 1,69
2019-05-21,Menü 2,140
2019-05-21,Menü 3,134
2019-05-22,Menü 1,66
2019-05-22,Menü 2,95
2019-05-22,Menü 3,241
2019-05-23,Menü 1,86
2019-05-23,Menü 2,137
2019-05-23,Menü 3,161
2019-05-24,Menü 1,17
2019-05-24,Menü 2,88
2019-05-24,Menü 3,157
2019-05-27,Menü 1,140
2019-05-27,Menü 2,105
2019-05-27,Menü 3,64
2019-05-28,Menü 1,97
2019-05-28,Menü 2,130
2019-05-28,Menü 3,117
2019-05-29,Menü 1,61
2019-05-29,Menü 2,56
2019-05-29,Menü 3,174
2019-06-03,Menü 1,145
2019-06-03,Menü 2,125
2019-06-03,Menü 3,96
2019-06-04,Menü 1,119
2019-06-04,Menü 2,158
2019-06-04,Menü 3,84
2019-06-05,Menü 1,66
2019-06-05,Menü 2,72
2019-06-05,Menü 3,194
2019-06-06,Menü 1,89
2019-06-06,Menü 2,56
2019-06-06,Menü 3,124
2019-06-07,Menü 1,33
2019-06-07,Menü 2,70
2019-06-07,Menü 3,94
2019-06-11,Menü 1,65
2019-06-11,Menü 2,217
2019-06-11,Menü 3,58
2019-06-12,Menü 1,48
2019-06-12,Menü 2,85
2019-06-12,Menü 3,205
2019-06-13,Menü 1,100
2019-06-13,Menü 2,70
2019-06-13,Menü 3,172
2019-06-14,Menü 1,70
2019-06-14,Menü 2,53
2019-06-14,Menü 3,82
2019-06-17,Menü 1,74
2019-06-17,Menü 2,158
2019-06-17,Menü 3,81
2019-06-18,Menü 1,66
2019-06-18,Menü 2,60
2019-06-18,Menü 3,188
2019-06-19,Menü 1,66
2019-06-19,Menü 2,55
2019-06-19,Menü 3,156
2019-06-24,Menü 1,121
2019-06-24,Menü 2,105
2019-06-24,Menü 3,134
2019-06-25,Menü 1,128
2019-06-25,Menü 2,79
2019-06-25,Menü 3,166
2019-06-26,Menü 1,76
2019-06-26,Menü 2,49
2019-06-26,Menü 3,216
2019-06-27,Menü 1,104
2019-06-27,Menü 2,119
2019-06-27,Menü 3,86
2019-06-28,Menü 1,41
2019-06-28,Menü 2,76
2019-06-28,Menü 3,103
2019-07-01,Menü 1,69
2019-07-01,Menü 2,129
2019-07-01,Menü 3,112
2019-07-02,Menü 1,106
2019-07-02,Menü 2,70
2019-07-02,Menü 3,142
2019-07-03,Menü 1,103
2019-07-03,Menü 2,119
2019-07-03,Menü 3,133
2019-07-04,Menü 1,83
2019-07-04,Menü 2,143
2019-07-04,Menü 3,121
2019-07-05,Menü 1,28
2019-07-05,Menü 2,115
2019-07-05,Menü 3,104
2019-07-08,Menü 1,86
2019-07-08,Menü 2,65
2019-07-08,Menü 3,189
2019-07-09,Menü 1,158
2019-07-09,Menü 2,74
2019-07-09,Menü 3,138
2019-07-10,Menü 1,100
2019-07-10,Menü 2,101
2019-07-10,Menü 3,210
2019-07-11,Menü 1,183
2019-07-11,Menü 2,104
2019-07-11,Menü 3,123
2019-07-12,Menü 1,44
2019-07-12,Menü 2,77
2019-07-12,Menü 3,113
2019-07-15,Menü 1,66
2019-07-15,Menü 2,119
2019-07-15,Menü 3,161
2019-07-16,Menü 1,48
2019-07-16,Menü 2,137
2019-07-16,Menü 3,111
2019-07-17,Menü 1,95
2019-07-17,Menü 2,72
2019-07-17,Menü 3,199
2019-07-18,Menü 1,108
2019-07-18,Menü 2,150
2019-07-18,Menü 3,127
2019-07-19,Menü 1,32
2019-07-19,Menü 2,30
2019-07-19,Menü 3,172
2019-07-22,Menü 1,117
2019-07-22,Menü 2,160
2019-07-22,Menü 3,119
2019-07-23,Menü 1,99
2019-07-23,Menü 2,95
2019-07-23,Menü 3,134
2019-07-24,Menü 1,70
2019-07-24,Menü 2,34
2019-07-24,Menü 3,257
2019-07-25,Menü 1,66
2019-07-25,Menü 2,124
2019-07-25,Menü 3,111
2019-07-26,Menü 1,41
2019-07-26,Menü 2,35
2019-07-26,Menü 3,108
2019-07-29,Menü 1,56
2019-07-29,Menü 2,137
2019-07-29,Menü 3,146
2019-07-30,Menü 1,118
2019-07-30,Menü 2,73
2019-07-30,Menü 3,163
2019-07-31,Menü 1,78
2019-07-31,Menü 2,116
2019-07-31,Menü 3,197
2019-08-01,Menü 1,52
2019-08-01,Menü 2,67
2019-08-01,Menü 3,201
2019-08-02,Menü 1,33
2019-08-02,Menü 2,134
2019-08-02,Menü 3,137
2019-08-05,Menü 1,114
2019-08-05,Menü 2,134
2019-08-05,Menü 3,121
2019-08-06,Menü 1,50
2019-08-06,Menü 2,182
2019-08-06,Menü 3,110
2019-08-07,Menü 1,101
2019-08-07,Menü 2,45
2019-08-07,Menü 3,210
2019-08-08,Menü 1,165
2019-08-08,Menü 2,95
2019-08-08,Menü 3,92
2019-08-09,Menü 1,41
2019-08-09,Menü 2,31
2019-08-09,Menü 3,117
2019-08-12,Menü 1,71
2019-08-12,Menü 2,137
2019-08-12,Menü 3,97
2019-08-13,Menü 1,86
2019-08-13,Menü 2,130
2019-08-13,Menü 3,123
2019-08-14,Menü 1,70
2019-08-14,Menü 2,103
2019-08-14,Menü 3,186
2019-08-15,Menü 1,57
2019-08-15,Menü 2,93
2019-08-15,Menü 3,147
2019-08-16,Menü 1,45
2019-08-16,Menü 2,58
2019-08-16,Menü 3,99
2019-08-19,Menü 1,52
2019-08-19,Menü 2,116
2019-08-19,Menü 3,106
2019-08-20,Menü 1,61
2019-08-20,Menü 2,87
2019-08-20,Menü 3,182
2019-08-21,Menü 1,36
2019-08-21,Menü 2,71
2019-08-21,Menü 3,212
2019-08-22,Menü 1,110
2019-08-22,Menü 2,127
2019-08-22,Menü 3,64
2019-08-23,Menü 1,69
2019-08-23,Menü 2,41
2019-08-23,Menü 3,72
2019-08-26,Menü 1,73
2019-08-26,Menü 2,79
2019-08-26,Menü 3,106
2019-08-27,Menü 1,77
2019-08-27,Menü 2,155
2019-08-27,Menü 3,90
2019-08-28,Menü 1,37
2019-08-28,Menü 2,81
2019-08-28,Menü 3,205
2019-08-29,Menü 1,52
2019-08-29,Menü 2,118
2019-08-29,Menü 3,125
2019-08-30,Menü 1,37
2019-08-30,Menü 2,47
2019-08-30,Menü 3,73
2019-09-02,Menü 1,129
2019-09-02,Menü 2,75
2019-09-02,Menü 3,109
2019-09-03,Menü 1,175
2019-09-03,Menü 2,85
2019-09-03,Menü 3,89
2019-09-04,Menü 1,95
2019-09-04,Menü 2,76
2019-09-04,Menü 3,199
2019-09-05,Menü 1,102
2019-09-05,Menü 2,61
2019-09-05,Menü 3,198
2019-09-06,Menü 1,34
2019-09-06,Menü 2,53
2019-09-06,Menü 3,75
2019-09-09,Menü 1,150
2019-09-09,Menü 2,262
2019-09-09,Menü 3,228
2019-09-10,Menü 1,180
2019-09-10,Menü 2,184
2019-09-10,Menü 3,242
2019-09-11,Menü 1,130
2019-09-11,Menü 2,224
2019-09-11,Menü 3,410
2019-09-12,Menü 1,110
2019-09-12,Menü 2,158
2019-09-12,Menü 3,418
2019-09-13,Menü 1,128
2019-09-13,Menü 2,94
2019-09-13,Menü 3,180
2019-09-16,Menü 1,202
2019-09-16,Menü 2,262
2019-09-16,Menü 3,298
2019-09-17,Menü 1,244
2019-09-17,Menü 2,112
2019-09-17,Menü 3,374
2019-09-18,Menü 1,156
2019-09-18,Menü 2,136
2019-09-18,Menü 3,468
2019-09-19,Menü 1,80
2019-09-19,Menü 2,224
2019-09-19,Menü 3,322
2019-09-20,Menü 1,122
2019-09-20,Menü 2,116
2019-09-20,Menü 3,224
2019-09-23,Menü 1,75
2019-09-23,Menü 2,83
2019-09-23,Menü 3,210
2019-09-24,Menü 1,52
2019-09-24,Menü 2,191
2019-09-24,Menü 3,137
2019-09-25,Menü 1,75
2019-09-25,Menü 2,87
2019-09-25,Menü 3,226
2019-09-26,Menü 1,73
2019-09-26,Menü 2,84
2019-09-26,Menü 3,183
2019-09-27,Menü 1,93
2019-09-27,Menü 2,74
2019-09-27,Menü 3,114
2019-09-30,Menü 1,93
2019-09-30,Menü 2,131
2019-09-30,Menü 3,126
2019-10-01,Menü 1,116
2019-10-01,Menü 2,120
2019-10-01,Menü 3,80
2019-10-02,Menü 1,75
2019-10-02,Menü 2,35
2019-10-02,Menü 3,142
2019-10-07,Menü 1,48
2019-10-07,Menü 2,129
2019-10-07,Menü 3,135
2019-10-08,Menü 1,105
2019-10-08,Menü 2,60
2019-10-08,Menü 3,166
2019-10-09,Menü 1,34
2019-10-09,Menü 2,66
2019-10-09,Menü 3,243
2019-10-10,Menü 1,42
2019-10-10,Menü 2,94
2019-10-10,Menü 3,230
2019-10-11,Menü 1,41
2019-10-11,Menü 2,63
2019-10-11,Menü 3,110
2019-10-14,Menü 1,67
2019-10-14,Menü 2,105
2019-10-14,Menü 3,187
2019-10-15,Menü 1,135
2019-10-15,Menü 2,91
2019-10-15,Menü 3,142
2019-10-16,Menü 1,81
2019-10-16,Menü 2,80
2019-10-16,Menü 3,237
2019-10-17,Menü 1,155
2019-10-17,Menü 2,62
2019-10-17,Menü 3,183
2019-10-18,Menü 1,86
2019-10-18,Menü 2,56
2019-10-18,Menü 3,60
2019-10-21,Menü 1,88
2019-10-21,Menü 2,149
2019-10-21,Menü 3,149
2019-10-22,Menü 1,55
2019-10-22,Menü 2,122
2019-10-22,Menü 3,208
2019-10-23,Menü 1,36
2019-10-23,Menü 2,99
2019-10-23,Menü 3,238
2019-10-24,Menü 1,53
2019-10-24,Menü 2,85
2019-10-24,Menü 3,179
2019-10-25,Menü 1,96
2019-10-25,Menü 2,40
2019-10-25,Menü 3,62
2019-10-28,Menü 1,98
2019-10-28,Menü 2,92
2019-10-28,Menü 3,168
2019-10-29,Menü 1,134
2019-10-29,Menü 2,84
2019-10-29,Menü 3,129
2019-10-30,Menü 1,88
2019-10-30,Menü 2,35
2019-10-30,Menü 3,217
2019-10-31,Menü 1,52
2019-10-31,Menü 2,13
2019-10-31,Menü 3,152
2019-11-04,Menü 1,76
2019-11-04,Menü 2,155
2019-11-04,Menü 3,105
2019-11-05,Menü 1,222
2019-11-05,Menü 2,67
2019-11-05,Menü 3,126
2019-11-06,Menü 1,107
2019-11-06,Menü 2,69
2019-11-06,Menü 3,255
2019-11-07,Menü 1,117
2019-11-07,Menü 2,39
2019-11-07,Menü 3,234
2019-11-08,Menü 1,58
2019-11-08,Menü 2,36
2019-11-08,Menü 3,92
2019-11-11,Menü 1,82
2019-11-11,Menü 2,178
2019-11-11,Menü 3,96
2019-11-12,Menü 1,63
2019-11-12,Menü 2,124
2019-11-12,Menü 3,151
2019-11-13,Menü 1,92
2019-11-13,Menü 2,70
2019-11-13,Menü 3,264
2019-11-14,Menü 1,118
2019-11-14,Menü 2,127
2019-11-14,Menü 3,125
2019-11-15,Menü 1,97
2019-11-15,Menü 2,59
2019-11-15,Menü 3,56
2019-11-18,Menü 1,65
2019-11-18,Menü 2,166
2019-11-18,Menü 3,116
2019-11-19,Menü 1,112
2019-11-19,Menü 2,111
2019-11-19,Menü 3,158
2019-11-20,Menü 1,70
2019-11-20,Menü 2,47
2019-11-20,Menü 3,276
2019-11-21,Menü 1,115
2019-11-21,Menü 2,46
2019-11-21,Menü 3,224
2019-11-22,Menü 1,30
2019-11-22,Menü 2,77
2019-11-22,Menü 3,135
2019-11-25,Menü 1,77
2019-11-25,Menü 2,202
2019-11-25,Menü 3,122
2019-11-26,Menü 1,91
2019-11-26,Menü 2,118
2019-11-26,Menü 3,166
2019-11-27,Menü 1,76
2019-11-27,Menü 2,81
2019-11-27,Menü 3,227
2019-11-28,Menü 1,81
2019-11-28,Menü 2,70
2019-11-28,Menü 3,183
2019-11-29,Menü 1,36
2019-11-29,Menü 2,46
2019-11-29,Menü 3,122
2019-12-02,Menü 1,82
2019-12-02,Menü 2,192
2019-12-02,Menü 3,132
2019-12-03,Menü 1,163
2019-12-03,Menü 2,105
2019-12-03,Menü 3,107
2019-12-04,Menü 1,61
2019-12-04,Menü 2,122
2019-12-04,Menü 3,221
2019-12-05,Menü 1,166
2019-12-05,Menü 2,61
2019-12-05,Menü 3,296
2019-12-06,Menü 1,59
2019-12-06,Menü 2,30
2019-12-06,Menü 3,99
2019-12-09,Menü 1,62
2019-12-09,Menü 2,198
2019-12-09,Menü 3,115
2019-12-10,Menü 1,101
2019-12-10,Menü 2,37
2019-12-10,Menü 3,172
2019-12-11,Menü 1,126
2019-12-11,Menü 2,65
2019-12-11,Menü 3,245
2019-12-12,Menü 1,76
2019-12-12,Menü 2,172
2019-12-12,Menü 3,137
2019-12-13,Menü 1,18
2019-12-13,Menü 2,86
2019-12-13,Menü 3,113
2019-12-16,Menü 1,100
2019-12-16,Menü 2,149
2019-12-16,Menü 3,132
2019-12-17,Menü 1,105
2019-12-17,Menü 2,111
2019-12-17,Menü 3,114
2019-12-18,Menü 1,69
2019-12-18,Menü 2,125
2019-12-18,Menü 3,179
2019-12-19,Menü 1,35
2019-12-19,Menü 2,171
2019-12-19,Menü 3,80
2019-12-20,Menü 1,36
2019-12-20,Menü 2,62
2019-12-20,Menü 3,36
2020-01-07,Menü 1,118
2020-01-07,Menü 2,86
2020-01-07,Menü 3,162
2020-01-08,Menü 1,98
2020-01-08,Menü 2,99
2020-01-08,Menü 3,201
2020-01-09,Menü 1,152
2020-01-09,Menü 2,41
2020-01-09,Menü 3,177
2020-01-10,Menü 1,61
2020-01-10,Menü 2,48
2020-01-10,Menü 3,122
2020-01-13,Menü 1,122
2020-01-13,Menü 2,79
2020-01-13,Menü 3,202
2020-01-14,Menü 1,110
2020-01-14,Menü 2,113
2020-01-14,Menü 3,147
2020-01-15,Menü 1,93
2020-01-15,Menü 2,75
2020-01-15,Menü 3,229
2020-01-16,Menü 1,112
2020-01-16,Menü 2,113
2020-01-16,Menü 3,191
2020-01-17,Menü 1,46
2020-01-17,Menü 2,39
2020-01-17,Menü 3,130
2020-01-20,Menü 1,127
2020-01-20,Menü 2,128
2020-01-20,Menü 3,133
2020-01-21,Menü 1,50
2020-01-21,Menü 2,116
2020-01-21,Menü 3,175
2020-01-22,Menü 1,61
2020-01-22,Menü 2,120
2020-01-22,Menü 3,246
2020-01-23,Menü 1,54
2020-01-23,Menü 2,128
2020-01-23,Menü 3,162
2020-01-24,Menü 1,28
2020-01-24,Menü 2,57
2020-01-24,Menü 3,104
2020-01-27,Menü 1,80
2020-01-27,Menü 2,131
2020-01-27,Menü 3,143
2020-01-28,Menü 1,35
2020-01-28,Menü 2,113
2020-01-28,Menü 3,213
2020-01-29,Menü 1,110
2020-01-29,Menü 2,105
2020-01-29,Menü 3,146
2020-01-30,Menü 1,196
2020-01-30,Menü 2,54
2020-01-30,Menü 3,144
2020-01-31,Menü 1,43
2020-01-31,Menü 2,46
2020-01-31,Menü 3,108
2020-02-03,Menü 1,69
2020-02-03,Menü 2,157
2020-02-03,Menü 3,128
2020-02-04,Menü 1,129
2020-02-04,Menü 2,136
2020-02-04,Menü 3,108
2020-02-05,Menü 1,67
2020-02-05,Menü 2,109
2020-02-05,Menü 3,252
2020-02-06,Menü 1,130
2020-02-06,Menü 2,52
2020-02-06,Menü 3,162
2020-02-07,Menü 1,85
2020-02-07,Menü 2,49
2020-02-07,Menü 3,121
2020-02-10,Menü 1,59
2020-02-10,Menü 2,60
2020-02-10,Menü 3,218
2020-02-11,Menü 1,147
2020-02-11,Menü 2,75
2020-02-11,Menü 3,121
2020-02-12,Menü 1,132
2020-02-12,Menü 2,44
2020-02-12,Menü 3,242
2020-02-13,Menü 1,71
2020-02-13,Menü 2,67
2020-02-13,Menü 3,222
2020-02-14,Menü 1,27
2020-02-14,Menü 2,125
2020-02-14,Menü 3,62
2020-02-17,Menü 1,91
2020-02-17,Menü 2,60
2020-02-17,Menü 3,196
2020-02-18,Menü 1,120
2020-02-18,Menü 2,131
2020-02-18,Menü 3,118
2020-02-19,Menü 1,89
2020-02-19,Menü 2,40
2020-02-19,Menü 3,239
2020-02-20,Menü 1,110
2020-02-20,Menü 2,46
2020-02-20,Menü 3,168
2020-02-21,Menü 1,29
2020-02-21,Menü 2,47
2020-02-21,Menü 3,121
2020-02-24,Menü 1,120
2020-02-24,Menü 2,154
2020-02-24,Menü 3,84
2020-02-25,Menü 1,152
2020-02-25,Menü 2,75
2020-02-25,Menü 3,154
2020-02-26,Menü 1,102
2020-02-26,Menü 2,95
2020-02-26,Menü 3,196
2020-02-27,Menü 1,40
2020-02-27,Menü 2,109
2020-02-27,Menü 3,191
2020-02-28,Menü 1,59
2020-02-28,Menü 2,40
2020-02-28,Menü 3,64
2020-03-02,Menü 1,70
2020-03-02,Menü 2,133
2020-03-02,Menü 3,146
2020-03-03,Menü 1,103
2020-03-03,Menü 2,165
2020-03-03,Menü 3,113
2020-03-04,Menü 1,73
2020-03-04,Menü 2,85
2020-03-04,Menü 3,220
2020-03-05,Menü 1,99
2020-03-05,Menü 2,100
2020-03-05,Menü 3,145
2020-03-06,Menü 1,56
2020-03-06,Menü 2,54
2020-03-06,Menü 3,94
